"Commit Hash","Date","Author","Subject","Body","Source Branch","Refs (Branch/Tag)"
"ca40ea30497b7791ef0341a277165f1aced96383","2024-05-01 16:16:48","donosonaumczuk","chore: forge init","","refs/heads/master",""
"255d8036bce275efd14d2e6baac9c2c134c2bbc0","2024-05-01 16:16:49","donosonaumczuk","forge install: forge-std","v1.8.1","refs/heads/master",""
"5d8f6969c4dae418b61a122785aaf85d53a15de3","2024-05-21 15:22:04","donosonaumczuk","Draft work done","","refs/heads/master",""
"8ce466db5a1fa2e252c7d635500074536f974f5d","2024-05-23 18:49:15","vicnaum","examples of publicationSystems plus FollowGraphs apps","","refs/heads/master",""
"c05825f21ebb046d7239189b24517c8b01c7102e","2024-05-24 13:40:04","donosonaumczuk","More stuff","","refs/heads/master",""
"ca34b9c8426a422c9256e3c3cf1c9793ff67bad6","2024-05-24 13:41:43","donosonaumczuk","Merge branch 'master' of github.com:donosonaumczuk/contract-drafts","","refs/heads/master",""
"6465eb725177be05eea7d165c35fe7ddc54f46f9","2024-05-24 15:01:44","donosonaumczuk","Prettier config added","","refs/heads/master",""
"9c98eb6f7bd30d50cad514abd963c288bc893674","2024-05-24 15:03:23","donosonaumczuk","Follow graph design improved - old drafts removed","","refs/heads/master",""
"21814830719366dce811a1851d41b6f0416bac45","2024-05-24 19:32:39","donosonaumczuk","More tweaks","","refs/heads/master",""
"d250067574367048d928e81a48be6167d662e09e","2024-05-27 13:47:13","donosonaumczuk","Comment conclusion added","","refs/heads/master",""
"ca3483a5d987363434bee9d955680559f9ec747e","2024-05-28 16:32:02","donosonaumczuk","Graph Tokenizer extension to test the arch design","","refs/heads/master",""
"cbc6a696314c358771e4c006574b0e566e1a7256","2024-06-05 20:47:00","donosonaumczuk","misc: Small tweaks to the Follow Graph","","refs/heads/master",""
"8dd890cbdbdee8966b365338e3e9d786c919c078","2024-06-05 20:47:48","donosonaumczuk","misc: Formatting applied to Publication primitive","","refs/heads/master",""
"5abc97adabeb76f12f2acd78eec10510323eeeb5","2024-06-05 20:49:35","donosonaumczuk","feat: Username primitive added","Co-authored-by: Victor Naumik <vicnaum@gmail.com>","refs/heads/master",""
"8f386ff3e0adbb0468a84329f8f3e964b45854c4","2024-06-05 20:50:00","donosonaumczuk","feat: Communities primitive - First iteration added","","refs/heads/master",""
"e331929f9a5214e62061ddcf578f1df01cca1a4e","2024-06-06 14:19:17","donosonaumczuk","feat: Primitive as msg.sender of a call - idea","Co-authored-by: Victor Naumik <vicnaum@gmail.com>","refs/heads/master",""
"5f3dc7c41034713bb4f350b3b7926b3462bf0363","2024-06-06 14:19:53","donosonaumczuk","misc: Community feed discussion solved","Co-authored-by: Victor Naumik <vicnaum@gmail.com>","refs/heads/master",""
"928459cf8dbaa77ae28f52fc914c7f5078914bd0","2024-06-06 14:39:56","donosonaumczuk","feat: Community primitive - Permissions to join & leave on behalf added","Co-authored-by: Victor Naumik <vicnaum@gmail.com>","refs/heads/master",""
"daafefe99bd4193a07bbedd5e259997848619b06","2024-06-13 19:51:06","donosonaumczuk","feat: Feed primitive added","Co-authored-by: Victor Naumik <vicnaum@gmail.com>","refs/heads/master",""
"4434922206a5b999e191e7bcf95d458ea5899384","2024-06-13 19:51:29","donosonaumczuk","misc: Notes on rules & extensions","Co-authored-by: Victor Naumik <vicnaum@gmail.com>","refs/heads/master",""
"81f60da6cf3ec5d4a0c6f041349aacad633c0278","2024-06-20 11:56:44","donosonaumczuk","misc: More notes","Co-authored-by: Victor Naumik <vicnaum@gmail.com>","refs/heads/master",""
"f6010a4e9e1756f47605ab076e9ef7227564293b","2024-06-20 12:38:04","donosonaumczuk","misc: Rules naming concept added to previous modules","","refs/heads/master",""
"999bfad7286d3a2a1c479b5c2a60fc886458bd0b","2024-06-20 12:40:38","donosonaumczuk","misc: Comment removal and tweaks on Follow Graph","","refs/heads/master",""
"c4221d625c53b967452ee899d5cde445b5df4bf3","2024-06-25 17:43:06","donosonaumczuk","misc: Lens Diamond for Primitives - draft added","","refs/heads/master",""
"683ad212b199f73e283af6bb044e2a6148002b80","2024-07-08 13:37:46","donosonaumczuk","General progress done","Co-authored-by: Victor Naumik <vicnaum@gmail.com>","refs/heads/master",""
"2b2456c9f52cc307094403fb13b8541b6593220e","2024-07-10 13:15:40","Alan","feat: Username primitive refactored - UsernameCore separation added","","refs/heads/master",""
"4a182d7b80221fb4db558f173e7317dc262d1b1d","2024-07-10 13:17:24","Alan","misc: Delete old Username files","","refs/heads/master",""
"eb0f52a6261438adb05d3bb72beca3922b66d384","2024-07-10 13:23:12","Alan","misc: Big project directory refactor","","refs/heads/master",""
"40cef0592600014797e9988672438a3bdd84947d","2024-07-10 20:24:58","Alan Donoso Naumczuk","misc: Directory refactor & some extra coding","","refs/heads/master",""
"510ade1c743a1bdcb98dca70c84e173649627767","2024-07-10 21:29:07","Alan Donoso Naumczuk","feat: Community primitive refactored","","refs/heads/master",""
"0f9794b85bf24743ebd7de5450dc1f6ac160eab3","2024-07-10 21:30:55","Alan Donoso Naumczuk","feat: Lens_Username_RulesSet event added","","refs/heads/master",""
"20788bdf83b61a51c0e35a1f29f626af43913662","2024-07-17 10:39:35","Alan Donoso Naumczuk","feat: Username rules and access control","","refs/heads/master",""
"702d409c7eabb469c9f3acd7a99f573976e0ee25","2024-07-17 10:44:13","Alan Donoso Naumczuk","misc: Mode renamed to Operation","","refs/heads/master",""
"67439340159927706b35702b5aedadfde2b70f73","2024-07-19 11:58:09","Alan Donoso Naumczuk","Rules configure function implemented","","refs/heads/master",""
"b9494d0cd2ac089b095f3b2d8b3d2bb52398e091","2024-07-22 17:21:46","Alan Donoso Naumczuk","misc: Username charset rule comments added","","refs/heads/master",""
"b6d2853f1956722d5506b25e941795d6a939b64b","2024-07-26 16:51:41","Alan Donoso Naumczuk","feat: Access Control improved + Rules AC usage fixed + Configuration","Co-authored-by: Victor Naumik <vicnaum@gmail.com>","refs/heads/master",""
"a397f12caadde3bdcf5a44241e2fbf64aee091a8","2024-07-26 21:10:29","Alan Donoso Naumczuk","misc: onlyOwner modifierd added to Ownership contract","","refs/heads/master",""
"77ebf5d80c00f63551ede0cb1e209a4eef51fdab","2024-07-26 21:12:07","Alan Donoso Naumczuk","feat: owner-only and address-based access controls implemented","","refs/heads/master",""
"5e4b499b9888a7fd4be54a20e2e9bd4dc31edd59","2024-07-30 14:50:01","Alan Donoso Naumczuk","misc: _confirmOwnershipTransfer returns old owner address","","refs/heads/master",""
"30be34307f54fe9d5c85fbb248c372ad564efe44","2024-07-30 14:50:43","Alan Donoso Naumczuk","misc: Hierarchy Roles access control started","","refs/heads/master",""
"77913789790401bb0ec3060b16f2e693985db611","2024-07-30 14:51:16","Alan Donoso Naumczuk","misc: Generic and complex Access control removed for now","","refs/heads/master",""
"1c0b4dfabc9a0a6673d4188acbc35e7f4cc528ac","2024-07-30 16:35:21","Alan Donoso Naumczuk","feat: Storage approach updated for the Username primitive and rules","Co-authored-by: Victor Naumik <vicnaum@gmail.com>","refs/heads/master",""
"ca032c0c991ef331da42b8eec8bc2d535501e4b2","2024-07-31 12:38:45","Alan Donoso Naumczuk","misc: Username core storage re-ordered","","refs/heads/master",""
"bfdf0a431a26281ca6cc101a77bab877647fe268","2024-07-31 12:39:44","Alan Donoso Naumczuk","feat: Community primitive refactored to follow last implementation decisions","Co-authored-by: Victor Naumik <vicnaum@gmail.com>","refs/heads/master",""
"c5af92366774ca9d9d9bb2841c1a46e405ba1a8e","2024-07-31 14:52:37","Alan Donoso Naumczuk","feat: Graph primitive improved","Co-authored-by: Victor Naumik <vicnaum@gmail.com>","refs/heads/master",""
"db50390d04183563b7bc447bfaee7cfd8fe7eafb","2024-08-06 17:17:34","Alan Donoso Naumczuk","feat: Feed primitive implementation","Co-authored-by: Victor Naumik <vicnaum@gmail.com>","refs/heads/master",""
"3265c5e4045c2397ce64e9500e0a5498e89f22e0","2024-08-09 16:06:40","Alan Donoso Naumczuk","misc: Misc dir moved out of src + Project compiles","Co-authored-by: Victor Naumik <vicnaum@gmail.com>","refs/heads/master",""
"4bbe40b70b14f7e290a4cd452945966b34c8fde8","2024-08-14 15:47:55","Alan Donoso Naumczuk","forge install: openzeppelin-contracts","v4.9.6","refs/heads/master",""
"bc8b54affb892f465b311d3349905f03ded3176b","2024-08-15 14:49:07","Alan Donoso Naumczuk","feat: Username Factory added","Co-authored-by: Victor Naumik <vicnaum@gmail.com>","refs/heads/master",""
"547463b8f1ce09386f7303fbffac592d5d197d0e","2024-08-16 14:53:42","Alan Donoso Naumczuk","misc: 'Rules' renamed to singular 'Rule' everywhere","Co-authored-by: Victor Naumik <vicnaum@gmail.com>","refs/heads/master",""
"24e2e916c65aed3a2e0da56aa16faa2ba0fc7f12","2024-08-16 14:54:04","Alan Donoso Naumczuk","feat: Community and Graph factories added","Co-authored-by: Victor Naumik <vicnaum@gmail.com>","refs/heads/master",""
"156d13cf4a7157b3b69de86c439e6d86f1ab28af","2024-08-16 15:27:05","Alan Donoso Naumczuk","feat: App and Feed factories added","Co-authored-by: Victor Naumik <vicnaum@gmail.com>","refs/heads/master",""
"8c97af183dc55ca0d1077102a819638b37bcb226","2024-08-20 21:34:16","Alan Donoso Naumczuk","feat: Deploy script improved to add all the factories","","refs/heads/master",""
"e2af00cf33fb6cedf15417ee2d1511c3ee4ff735","2024-08-21 20:59:05","Alan Donoso Naumczuk","misc: Events added for new factory-deployed instances","","refs/heads/master",""
"286fdc925ddea03f76919391573d93a9ee6b3ced","2024-08-21 21:22:21","Alan Donoso Naumczuk","feat: Paymaster added to App primitive","","refs/heads/master",""
"af5d2fa63e897804fe01aa197def07d991519f1b","2024-08-21 21:23:01","Alan Donoso Naumczuk","feat: Post URI field simplified + timestamp removed","","refs/heads/master",""
"d059cbc7ff37d2f88910ee7aff97c4feffd2dd16","2024-08-29 12:30:29","Alan Donoso Naumczuk","misc: events added","","refs/heads/master",""
"eedc40db273d5734ebbc2d52451ea86aa1a0743f","2024-08-29 12:43:25","Alan Donoso Naumczuk","misc: Foundry to Hardhat for better zkSync support","","refs/heads/master",""
"b71b0a7aa787df112cc00e4fc5b66f016dc0ea18","2024-08-29 12:44:11","Alan Donoso Naumczuk","misc: Renaming of directory","","refs/heads/master",""
"85bc8cf80dc762ffc00181b63944b0d9f03f07c0","2024-08-30 21:26:22","Alan Donoso Naumczuk","feat: OwnerAdminAccessControl and events","","refs/heads/master",""
"89de82dfbd8f8ab0857de3ae951951f8bc931482","2024-08-31 13:44:16","Alan Donoso Naumczuk","misc: ABIs and ABI extraction script added","","refs/heads/master",""
"263ebf74a3e24bea0e22ae33a22405c746f845f7","2024-09-02 11:55:35","Josh Stevens","feat: hook in forge fmt and also on commit hooks","","refs/heads/master",""
"1c0ccc66fcd6a38cf64258072ddebf26415f6dac","2024-09-03 22:17:25","ast3ros","test: setup and unit tests for ownership (#1)","* test: setup foundry test * test: initial test Ownership --------- Co-authored-by: ast3ros <ast3ros@gmail.com>","refs/heads/master",""
"98357f039034312ae789983fcb1763e7a9212985","2024-09-09 16:55:09","Alan Donoso Naumczuk","misc: Events and misc files added","Co-authored-by: Victor Naumik <vicnaum@gmail.com>","refs/heads/master",""
"e1df60c036ebe1b17e334272316abff2eca46b75","2024-09-09 16:58:02","Alan Donoso Naumczuk","misc: Renamed file extension of ABI files from .abi to .json","","refs/heads/master",""
"571fb2cd4df49fe166fafe54459b046381942c55","2024-09-09 16:59:43","Alan Donoso Naumczuk","misc: Extract ABI script uses .json extension insteand of .abi","","refs/heads/master",""
"fb95991bd5148b42e492617fae217ebe89ade25a","2024-09-10 13:56:11","Josh Stevens","feat: add index parameters to events","","refs/heads/master",""
"adbbf41c820e0a4bdb9553d1381b2eeff381ef67","2024-09-10 14:02:46","Josh Stevens","ABIs","","refs/heads/master",""
"d20867f1818a2d62917a8128001f29d8d57b9eb5","2024-09-10 16:25:06","Alan Donoso Naumczuk","misc: Mock events added","Co-authored-by: Victor Naumik <vicnaum@gmail.com>","refs/heads/master",""
"573d4ca90126ed4dbf839fbee87099db3de86b08","2024-09-10 21:42:30","vicnaum","events: Reverting changes in App and adding emitting Default set event","","refs/heads/master",""
"825901ef8fe300fc2d6d885b82e4c6258e52fb81","2024-09-10 21:43:03","vicnaum","event: removed redundant struct from event, and moved events into singular internal functions","","refs/heads/master",""
"c3f05147cb1d7caed8f7b95938c8289d9ff01cab","2024-09-10 21:46:12","Victor Naumik","Merge pull request #2 from lens-protocol/feat/add-indexed-parameters-to-events","feat: add index parameters to events","refs/heads/master",""
"68ea98c8de47d2d00e9849e07091961f01d91204","2024-09-10 22:58:59","Alan Donoso Naumczuk","feat: Universal ID added to Post","","refs/heads/master",""
"93a37550c2ccb8698aca7e6ec84babc353cdf55c","2024-09-10 23:00:14","Alan Donoso Naumczuk","fix: Event moved to avoid unreachable code","","refs/heads/master",""
"eec3352d7ae5f9f25c629907ee13f59cd92710e8","2024-09-10 23:00:14","Alan Donoso Naumczuk","fix: Event moved to avoid unreachable code","","refs/heads/master",""
"a64106cb7682851f47d15549bfd455ae4e0843a2","2024-09-10 23:00:45","Alan Donoso Naumczuk","misc: ABIs updated","","refs/heads/master",""
"120b7afddebc705e28a2e75555ca39e66657a74a","2024-09-11 10:10:38","vicnaum","feat: universal postId","","refs/heads/master",""
"9ac13e92d4eeaa9f3fcce5ee218b221c0c0e98be","2024-09-11 10:10:54","vicnaum","abi: universal postId ABIs updated","","refs/heads/master",""
"860351ac2fff506db43ad70e76cbcea314f07324","2024-09-11 12:24:24","Alan","Merge branch 'master' into feat/universal-post-id","","refs/heads/master",""
"6d774d549ca425fdd3f09b9641021c0198e09abc","2024-09-11 13:31:47","Alan Donoso Naumczuk","feat: feed context ID renamed to localSequentialId and events refactored","","refs/heads/master",""
"ca4295796f2644113108d608a771e7165a3af000","2024-09-11 13:39:10","Alan","Merge pull request #6 from lens-protocol/feat/universal-post-id","Feat/universal-post-id","refs/heads/master",""
"b80d3a7bdf6d49ec007619b0e849e4c24d22ce00","2024-09-11 13:56:54","Alan Donoso Naumczuk","misc: Post type removed from the feed","Co-authored-by: Victor Naumik <vicnaum@gmail.com>","refs/heads/master",""
"a2b9829aafa505b95923d07863e2e6b35fed25c8","2024-09-11 14:10:13","Alan Donoso Naumczuk","misc: VS Code formatter settings for Solidity to use forge fmt","","refs/heads/master",""
"868bf0c0e2aed4da34f475f1e680d6bc0f037c12","2024-09-12 12:47:51","vicnaum","feat: primitive extraData - events added","","refs/heads/master",""
"cf5d5e98b3455ad23639d05c287e0f2c23378551","2024-09-12 15:21:48","Alan Donoso Naumczuk","misc: Custom Transfer event added","","refs/heads/master",""
"07a8d38aa0c9efba6df6c9aa766fb21e99023413","2024-09-12 15:22:11","Alan Donoso Naumczuk","misc: ABIs generated for Extra Data events","","refs/heads/master",""
"6452a53f7169d81f8f9da2af7b26b5b580e8aee5","2024-09-12 16:15:15","Alan Donoso Naumczuk","feat: DataElement added to Type file","","refs/heads/master",""
"fe77abdd296adf3336fd47abd95d894c01bd276f","2024-09-12 16:15:51","Alan Donoso Naumczuk","feat: ExtraDataLib added to handle extraData generically","","refs/heads/master",""
"6013b8b614692a0919b32912220a42b12cd55cac","2024-09-12 16:16:45","Alan Donoso Naumczuk","feat: AccessControlLib added to shorten access requirements","","refs/heads/master",""
"295bf653d4358a6ddba2ce0ec10013e30994fedd","2024-09-12 16:21:44","Alan Donoso Naumczuk","feat: Extra data added to Feed and AcessControl shortener lib too","Co-authored-by: Victor Naumik <vicnaum@gmail.com>","refs/heads/master",""
"befb24f1efcc98530d72b99320f260a93b9b0a73","2024-09-12 16:42:00","Alan Donoso Naumczuk","feat: ExtraData and AC shortener added to Community, Graph and Username","Co-authored-by: Victor Naumik <vicnaum@gmail.com>","refs/heads/master",""
"bc6ff9c48866f95b48845e823171ae28b8296d9e","2024-09-12 16:42:45","Alan Donoso Naumczuk","misc: ABIs updated","Co-authored-by: Victor Naumik <vicnaum@gmail.com>","refs/heads/master",""
"2b21e9d6c85e60db2684ac533fa57651101534af","2024-09-12 16:44:03","Alan","Merge pull request #7 from lens-protocol/feat/primitive-extraData","feat: add extraData to all primitives","refs/heads/master",""
"efb435e27d9c013a7a33c304491c61de06f013ab","2024-09-17 12:12:12","Alan Donoso Naumczuk","misc: Rule Combinator docs before we decide to remove them","Co-authored-by: Victor Naumik <vicnaum@gmail.com>","refs/heads/master",""
"bbb57748a4a7d9544a6a095109391c396985fc92","2024-09-18 01:18:44","Alan Donoso Naumczuk","feat: Rule arrays built into primitives - Username","Co-authored-by: Victor Naumik <vicnaum@gmail.com>","refs/heads/master",""
"c33e6097100f9c31c162eca082b05d3932a68f5e","2024-09-18 16:00:20","Alan Donoso Naumczuk","feat: Rules integrated into Username properly","Co-authored-by: Victor Naumik <vicnaum@gmail.com>","refs/heads/master",""
"7f44a6323681c3c4ee2a6dc4ef4da193d463bc17","2024-09-18 16:03:58","Alan Donoso Naumczuk","misc: IUsername getters updated (still commented)","Co-authored-by: Victor Naumik <vicnaum@gmail.com>","refs/heads/master",""
"a43344ca57905297675ce16a215f06cfc7c75638","2024-09-18 16:10:55","Alan Donoso Naumczuk","misc: ABIs updated","","refs/heads/master",""
"015dd333098a64d20baa85009bc7d2cfc419d284","2024-09-19 17:16:14","Alan Donoso Naumczuk","feat: RuleBased improved","Co-authored-by: Victor Naumik <vicnaum@gmail.com>","refs/heads/master",""
"f4d1da206e99a4459a09156588943785f8a922e4","2024-09-20 11:34:16","Josh Stevens","regen ABIs","","refs/heads/master",""
"13be8293b9f0b0545c31cabdd956b7a26d81c303","2024-09-20 11:36:57","Josh Stevens","Merge pull request #8 from lens-protocol/update-abis","regen ABIs","refs/heads/master",""
"5efa206206e530fbf68806fb4ceec3eeb8a6b99e","2024-09-20 11:40:55","Josh Stevens","update abi","","refs/heads/master",""
"75ea77cd7a559daacda2e110422af0006a0bcd01","2024-09-20 17:15:52","vicnaum","Graph refactoring (partial)","Co-authored-by: Alan <donosonaumczuk@gmail.com>","refs/heads/master",""
"e7114558690c2adf5d8856ef01355323b49deea3","2024-09-23 13:44:45","Alan Donoso Naumczuk","misc: Username and its factory commented to avoid compile issues","","refs/heads/master",""
"320a88b4edeab82873594fb3deefa8397ec9a723","2024-09-23 13:45:08","Alan Donoso Naumczuk","feat: Rules implemented for the Graph with new approach","Co-authored-by: Victor Naumik <vicnaum@gmail.com>","refs/heads/master",""
"89a32dd5ddf066bb8603772ff0277ce7f96ad84a","2024-09-23 14:18:43","Alan Donoso Naumczuk","feat: Rules implemented for the Username with the new approach","Co-authored-by: Victor Naumik <vicnaum@gmail.com>","refs/heads/master",""
"004987cc138f2b111b19bf74aeb10878fb88b603","2024-09-23 14:49:38","Alan Donoso Naumczuk","feat: Rules implemented for the Community with the new approach","Co-authored-by: Victor Naumik <vicnaum@gmail.com>","refs/heads/master",""
"92774da86bac1fe86dd695a1e6f376e438732506","2024-09-23 16:32:03","Alan Donoso Naumczuk","feat: Feed and Post rules work in progress","Co-authored-by: Victor Naumik <vicnaum@gmail.com>","refs/heads/master",""
"23acad491a0d68593b2ea744c57cb02c5520dbe2","2024-09-24 15:09:56","Alan Donoso Naumczuk","feat: Feed and Post rules","Co-authored-by: Victor Naumik <vicnaum@gmail.com>","refs/heads/master",""
"bfa5445d2643b589841664351b184f3ea7e68d30","2024-09-24 15:15:13","Alan","Merge pull request #9 from lens-protocol/feat/feed-rules","feat: Feed & Post rules","refs/heads/master",""
"0f0d95c59a481212142f61c44b5c104e5bfa9202","2024-09-24 15:26:58","Alan Donoso Naumczuk","misc: ABIs updated","","refs/heads/master",""
"5e588bb9ae6a5896143344ffc668d9903a284941","2024-09-25 12:19:16","Alan Donoso Naumczuk","feat: Indexed params fixed in the Feed rules","Co-authored-by: Victor Naumik <vicnaum@gmail.com>","refs/heads/master",""
"51aa5391d74eef7aa1910e046e9f191fa3313297","2024-09-25 12:54:13","Alan Donoso Naumczuk","feat: MetadataURI and their setters/getters added to all primitives","Co-authored-by: Victor Naumik <vicnaum@gmail.com>","refs/heads/master",""
"cdecab2d8062cdde25fa99b76aaa05f8edb7e57e","2024-09-25 14:23:27","Alan Donoso Naumczuk","feat: Resource ID signaling event added to all primitives","Co-authored-by: Victor Naumik <vicnaum@gmail.com>","refs/heads/master",""
"da2dc91dd47bdf5b27184f04cae64f86801e2408","2024-09-25 14:47:07","Alan Donoso Naumczuk","feat: Deployed Contract event with type and flavour added","Co-authored-by: Victor Naumik <vicnaum@gmail.com>","refs/heads/master",""
"7744938cf6232d938d61288f256c9d5e57525e63","2024-09-25 14:47:26","Alan Donoso Naumczuk","misc: ABIs updated","","refs/heads/master",""
"5ea9b0c01baa0c67220db8f80dac759e2faeb6f7","2024-09-26 12:17:35","Alan Donoso Naumczuk","feat: Role-based access control has grant and revoke role functions now","","refs/heads/master",""
"acd1aabda979bebae11d75c378c518228e7fc555","2024-09-26 12:19:00","Alan Donoso Naumczuk","misc: ABIs updated","","refs/heads/master",""
"fb086f12e57a231c36ce1f170ee5d0be1f72346a","2024-09-30 17:35:23","Alan Donoso Naumczuk","feat: Quote and Parent ID reduced from multiple to single in the Feed","","refs/heads/master",""
"a94e7b8429776cf6ed9da52227df4bd9d52c733d","2024-09-30 18:37:31","Alan Donoso Naumczuk","feat: createRepost function added","","refs/heads/master",""
"91e77989491e79e72e9284db35f68d429dd094e9","2024-09-30 19:37:34","Alan Donoso Naumczuk","feat: metadataURI now is contentURI for Posts - No contentURI on reposts","","refs/heads/master",""
"f484cd3f8aef139415724e5800b5128476e2985a","2024-10-01 00:23:09","Alan Donoso Naumczuk","feat: Factories updated","","refs/heads/master",""
"798c0a72b4d455643859d6f49cbd15467c877b4b","2024-10-01 01:33:18","Alan Donoso Naumczuk","feat: Lens general wrapper factory added - Deploys AC and calls other specific Lens factories","","refs/heads/master",""
"ae66cfacf72b4d8f81a6106a8390128b4e0d362e","2024-10-01 01:36:55","Alan Donoso Naumczuk","misc: ABIs updated","","refs/heads/master",""
"4f4d4537a978089f958d288401d2cd1582c6b343","2024-10-01 12:20:54","Alan Donoso Naumczuk","fix: Removed unused param from repost creation struct","","refs/heads/master",""
"4a1701e60078142f93f063ec85675b52ffd470bb","2024-10-01 21:19:54","vicnaum","misc: restrict interactions with reposts","","refs/heads/master",""
"3953172c8af0c2386718f6a5f5e2ca3acafcd82e","2024-10-01 21:52:39","vicnaum","misc: extraData brought back to Community","","refs/heads/master",""
"22978532fd91bef2276192a27bd3ec78afc89bac","2024-10-01 21:53:55","vicnaum","feat: extraData added to all factories","","refs/heads/master",""
"39f4e3fcdae46d26fc65556d500292664a2ce92c","2024-10-01 22:16:39","Alan Donoso Naumczuk","fix: RID fix at Community file","","refs/heads/master",""
"62ef98cb02e1121a6d49cc836fdf6c38ac20940a","2024-10-01 22:20:27","Alan Donoso Naumczuk","feat: RoleBasedAccessControl implemented","","refs/heads/master",""
"219ee71bd14c7ebcbbe4c7bce8436801274f5d28","2024-10-01 22:25:19","vicnaum","feat: tokenization params with a flag in LensFactory (WIP)","","refs/heads/master",""
"06cbdf42fb144e39a8035f8a68ebe7e522abb7e8","2024-10-01 23:16:53","Alan Donoso Naumczuk","feat: LensFactory gets the access control's owner as isolated param","","refs/heads/master",""
"f16cd9b105a646d9629370e8f3309f6edb79d665","2024-10-01 23:21:32","Alan Donoso Naumczuk","feat: deployApp function added to LensFactory","","refs/heads/master",""
"72cd37a65ab3fd5836f1b0df19641ac41b362ed7","2024-10-01 23:37:55","vicnaum","feat: app primitive refactored to match others","","refs/heads/master",""
"063e135d619f11ccd20c8f0a0f29a35921d83339","2024-10-01 23:40:32","vicnaum","fix: Community setExtraData accessControl","","refs/heads/master",""
"9544dda159a358412e4bfdb6a51fe4fdfad9e4fc","2024-10-01 23:40:58","vicnaum","Merge branch 'master' into feat/tokenization-in-factories","","refs/heads/master",""
"e7eb852c62af0a767bcc9436f8b05bdd57362e14","2024-10-01 23:41:29","vicnaum","Merge branch 'feat/tokenization-in-factories' into feat/app-primitive","","refs/heads/master",""
"1d87daa3f002f39a62a30a3e9504af9ae3d78c86","2024-10-01 23:44:52","Victor Naumik","Merge pull request #10 from lens-protocol/misc/restrict-interactions-with-reposts","misc: restrict interactions with reposts","refs/heads/master",""
"3c490a2793729f5b48b93b1ed0bfbcd62b649cfd","2024-10-01 23:45:12","Victor Naumik","Merge pull request #11 from lens-protocol/feat/extraData-in-all-factories","feat: extraData added to all factories","refs/heads/master",""
"6ff3a4c04ad090040d6a3936589df3f208887d08","2024-10-01 23:46:22","Victor Naumik","Merge branch 'master' into feat/tokenization-in-factories","","refs/heads/master",""
"21583cd84df886dedee101e03980aa77a2f5ce64","2024-10-01 23:46:29","Victor Naumik","Merge pull request #13 from lens-protocol/feat/tokenization-in-factories","Feat: Tokenization in factories","refs/heads/master",""
"df3df5b4350c70a4c0f1efa6a353d3cc484c8e22","2024-10-01 23:46:47","Victor Naumik","Merge pull request #12 from lens-protocol/feat/app-primitive","Feat: app primitive refactored to match others","refs/heads/master",""
"64902743026d819b8228f14663e5e9a7fe6bb3e4","2024-10-01 23:55:57","Alan Donoso Naumczuk","feat: Deployment script updated and deployment done","","refs/heads/master",""
"35d5c1b99ee052c01c0127a5ba4e3b4caf6c2f65","2024-10-03 12:38:45","Alan Donoso Naumczuk","feat: Lens_AccessControlSet event added","","refs/heads/master",""
"50ea634927c33d8968167b8dc16467fc9134496d","2024-10-03 13:28:41","Alan Donoso Naumczuk","feat: Refactored Lens Factory to only accept AC's owner and admins list","","refs/heads/master",""
"5bd78a2e833248c129a035b49595761f0d71205f","2024-10-03 14:15:24","Alan Donoso Naumczuk","feat: App and its factory refactored","","refs/heads/master",""
"6ca427592332ac62177bf2016f7712702f531b99","2024-10-04 18:31:12","Alan Donoso Naumczuk","misc: Error codes added and deployment script verification","Co-authored-by: Victor Naumik <vicnaum@gmail.com>","refs/heads/master",""
"e98df8e00d91fe1df55320b579239ac8cb081a4b","2024-10-07 14:00:43","Alan Donoso Naumczuk","misc: Renamed 'deploy' function so it does not colide with backend package autogen stuff","","refs/heads/master",""
"0458b19452dcc73ac1c45d21a5646552353faf89","2024-10-07 21:09:16","Alan Donoso Naumczuk","misc: MetadataURISet event custom per primitive","","refs/heads/master",""
"efd6425671a1c78b0d4b17c082290a9dc60117b2","2024-10-08 14:54:05","Alan Donoso Naumczuk","feat: Root Post ID added to Post and the creation events","","refs/heads/master",""
"9ecc5e45a30ace3bd7110dd2861b5ffad446f724","2024-10-09 00:34:38","Alan Donoso Naumczuk","feat: AccessControl added/updated events added","","refs/heads/master",""
"0c58e48bca1df1a55646fe48d01742646e34d49c","2024-10-09 00:35:01","Alan Donoso Naumczuk","feat: Extra data value struct added - lib methods to set and remove added","","refs/heads/master",""
"b0b14add4bc6b31f903c3756b29be6971dc4e52b","2024-10-09 13:48:34","Alan Donoso Naumczuk","feat: Extra data events improved","","refs/heads/master",""
"b074fe6306afddd6b166166a312143a7a0d248a1","2024-10-09 13:53:24","Josh Stevens","feat: add namespace to `Lens_UsernameFactory_Deployment`","","refs/heads/master",""
"a6948d45ba418d425a562113fc359ca347375b04","2024-10-09 21:31:39","Alan Donoso Naumczuk","feat: Massive rework of App and its events","","refs/heads/master",""
"532b52e5205d71b9a406d94e4d1ccd1fb18093b3","2024-10-09 21:35:36","Alan Donoso Naumczuk","feat: ExtraDataLib uses memory for single element operations","","refs/heads/master",""
"6ea871f3c04dad746d452266c9f8d9deb0a1790d","2024-10-09 21:37:11","Alan Donoso Naumczuk","misc: Community renamed to Group","","refs/heads/master",""
"350fc1216bbc968d5c11cc5b58001222b8533619","2024-10-09 21:46:26","Alan Donoso Naumczuk","feat: Access Control events reworked","","refs/heads/master",""
"aa208704fdf26cbd62fe64eefa4e4afbf7bec917","2024-10-09 21:46:52","Alan Donoso Naumczuk","misc: ABIs updated","","refs/heads/master",""
"0153adc014a3337d9488f3379f95539c26f1624a","2024-10-09 21:51:29","Alan","Merge pull request #15 from lens-protocol/feat/events-reworked","feat: Events reworked","refs/heads/master",""
"9027ba3279b51cdfdf422563b6cefa4d64dd509f","2024-10-09 22:01:04","Alan Donoso Naumczuk","feat: Deployment script updated and deploy done","","refs/heads/master",""
"589cac9b652d7bc20c6e6be839a80141991dd209","2024-10-10 10:28:04","vicnaum","misc: dev network configs added to hardhat","","refs/heads/master",""
"88114a5b067bf8b22dcd3541a910480ab7b6492c","2024-10-10 12:17:35","vicnaum","feat: SimpleAccountPrimitive first draft","","refs/heads/master",""
"40085476806f6c2509e09d261deba7596bda31c0","2024-10-10 12:40:20","vicnaum","feat: Account integration into factories and main deployments script","","refs/heads/master",""
"99a14cbc5df712614ba0bc91ce188919069c680c","2024-10-10 13:13:12","Josh Stevens","fix: remove TokenizationConfiguration as invalid now","","refs/heads/master",""
"3f41b2135b6805a2029ce3bb0b769dc37f72704e","2024-10-10 14:31:27","vicnaum","test: simple Account test added","","refs/heads/master",""
"bea35f7104a2440bd7387189562f3746d7b8d0c9","2024-10-10 14:31:36","vicnaum","misc: TODOs added to Feed","","refs/heads/master",""
"1373c1cf9c7899552714f305c4577e55c5f292c0","2024-10-10 15:49:17","vicnaum","misc: Account is proper Ownable with transferOwnership, removed upgradability for now","","refs/heads/master",""
"3a4ef8129defd8bf7979908832d4bff8d974b700","2024-10-10 15:49:27","vicnaum","misc: TODOs in username","","refs/heads/master",""
"dcd34167a62769bdfad41a65361d4a30e8d3c502","2024-10-10 15:50:07","vicnaum","feat: LensFactory createAccountWithUsernameFree function added with simple test","","refs/heads/master",""
"b63f23d37714f267decc4a419972d69797b0e881","2024-10-10 15:50:52","vicnaum","misc: ABIs updated","","refs/heads/master",""
"582f7bafcdda22009bec5f79f5f4e83ec162f729","2024-10-10 15:51:59","vicnaum","fix: removed only in test","","refs/heads/master",""
"6aee649e2192f42a4bc9e88352c34af3bed5ae92","2024-10-10 17:00:27","Josh Stevens","Merge pull request #16 from lens-protocol/feat/SimpleAccountPrimitive","feat: SimpleAccountPrimitive","refs/heads/master",""
"e64c835e597fffcbeecd3117e813961e83f63a10","2024-10-10 17:15:31","Josh Stevens","fix: some deploy scripts","","refs/heads/master",""
"c57b15fa118f5252aaec6b09cf4a4239828c00e6","2024-10-10 17:33:31","Josh Stevens","misc: scripts","","refs/heads/master",""
"61fb6f5847d0d23768f52821b3f08d3334a67ed7","2024-10-11 00:16:18","Josh Stevens","fresh deploy","","refs/heads/master",""
"608434ba9e5f52a6ed24829ca72e887e546f0f38","2024-10-11 00:42:42","Josh Stevens","write forge generations kill other stuff","","refs/heads/master",""
"5512e477f1dcc79bd18b8e0e6f34c8032506850e","2024-10-11 12:24:51","Josh Stevens","auto script to make it easier to dump into backend","","refs/heads/master",""
"151998136a9917e78e1c3c084b9c8501d2900f3a","2024-10-11 15:04:01","Josh Stevens","fix: remove default paymaster","","refs/heads/master",""
"325328f7f003f15c8c1d01e123a1f08ed0ebcad2","2024-10-11 15:06:22","Josh Stevens","fix: remove default graph","","refs/heads/master",""
"6e6cd76de710c901ca089286e07564bda2a1a2f2","2024-10-11 19:41:20","Alan Donoso Naumczuk","feat: Username tokenization","","refs/heads/master",""
"7c99e5fe13f4a8d5ec25d1215d4b41bf9c11fe26","2024-10-12 17:59:27","Josh Stevens","Merge pull request #18 from lens-protocol/feat/kill-unneeded-app-events","fix - kill unneeded app events","refs/heads/master",""
"d962b2dc6fdb1a47be0cf76a3fa747811121d208","2024-10-12 23:33:52","Josh Stevens","refactor: make default app events more simple","","refs/heads/master",""
"2857e735943ac8de331ccea8c9937dc4e66968a7","2024-10-14 12:27:13","Alan","Merge pull request #20 from lens-protocol/refactor/simple-default-app-events","refactor: make default app events more simple","refs/heads/master",""
"dfddbf66b9a0f0bd253d661711387e7a3a284da4","2024-10-14 12:55:14","Alan Donoso Naumczuk","misc: Merge conflicts","","refs/heads/master",""
"9c041493598918254074f94e5c7662493ec0b13b","2024-10-14 12:55:34","Alan","Merge pull request #19 from lens-protocol/feat/username-tokenization","feat: Username tokenization","refs/heads/master",""
"eec0a161d8c69ee01d3775f2127c73770c5a76f0","2024-10-14 13:00:24","Alan Donoso Naumczuk","misc: Kill default group feature","","refs/heads/master",""
"f0c125300bb6c14dfdfcdfd2df15fd1d5c41cb7c","2024-10-14 15:12:01","Alan Donoso Naumczuk","misc: Docs and thoughts on AC","","refs/heads/master",""
"cdf1cec9887a012bacbd0779fc6e63246f28852c","2024-10-14 15:13:31","Alan Donoso Naumczuk","Merge branch 'master' of github.com:lens-protocol/contract-drafts","","refs/heads/master",""
"91ec3588b4cb3d41f767d3e76e25bdefd3ba325b","2024-10-14 17:48:03","Alan Donoso Naumczuk","feat: Refactor to inherit rules from root post","","refs/heads/master",""
"9e6fd17c832a4c1f381fcf7602cb44696bc850b0","2024-10-14 18:23:11","Josh Stevens","fix console script after deploy","","refs/heads/master",""
"8c7b53afd83218e9f40d4a45a2b6ba5f4101dae8","2024-10-15 10:35:31","Josh Stevens","refactor: rename link to assign and unlink to unassign for username","","refs/heads/master",""
"6fe0fcd9757af9c9f4ee331a7bd5a2695e968cfd","2024-10-15 10:48:46","Josh Stevens","refactor: rename access control names as discussed","","refs/heads/master",""
"b7723c09a9cf823deff9987635fbdf6d7905564b","2024-10-15 10:53:31","Josh Stevens","fix missing renames","","refs/heads/master",""
"201d0e40aa564ac539eb129322ab99c0810078de","2024-10-15 12:37:53","Josh Stevens","Merge pull request #23 from lens-protocol/refactor/rename-AC","refactor: rename access control names as discussed","refs/heads/master",""
"bacd9b9e3c519db0240d35bf44538546bddffe3a","2024-10-15 12:45:37","Josh Stevens","Merge pull request #22 from lens-protocol/refactor/link-assign-unlink-unassign","refactor: rename link to assign and unlink to unassign for username","refs/heads/master",""
"675d0c3bf4ec567f679923d42e3a11df6557ccc9","2024-10-15 13:00:12","Josh Stevens","fix: Lens_Username_Unassigned","","refs/heads/master",""
"4cc86ec30a7b2a34115bb15a5738d96894309afa","2024-10-15 13:55:46","Victor Naumik","Merge pull request #21 from lens-protocol/feat/rules-inherited-from-root","feat: Refactor to inherit rules from root post","refs/heads/master",""
"e069d244ac38310b2ea7612429ed1d5cfc5e0442","2024-10-16 14:39:39","Alan Donoso Naumczuk","misc: Remove unused params and fix renamings on AC","","refs/heads/master",""
"2c07ec61ee78de1db0a15c9c9e66168cb492dacc","2024-10-16 15:07:38","Alan Donoso Naumczuk","feat: OwnerAdminOnlyAccessControl is back - impl inherits RoleBasedAccessControl","","refs/heads/master",""
"51ae53f9c2384148ee42dae927b0d6a60d33afb3","2024-10-17 13:29:29","Alan Donoso Naumczuk","feat: Lens ERC-721 improved - Events added","Co-authored-by: Victor Naumik <vicnaum@gmail.com>","refs/heads/master",""
"5333c64bca46842098e28d6ef22106f49ad41895","2024-10-21 16:36:57","Alan Donoso Naumczuk","feat: Restricted signer rule added for Feed and Graph","Co-authored-by: Victor Naumik <vicnaum@gmail.com>","refs/heads/master",""
"a473df94238b8f55ab6640fada99396b95b2e974","2024-10-22 21:52:43","vicnaum","misc: refactor encodeWithSelector into encodeCall everywhere (WIP)","","refs/heads/master",""
"f4a0d77c0a4476daf41a94a4dfc2c23ac6eb643d","2024-10-22 22:14:19","vicnaum","misc: RuleBasedGraph encodeCalls reworked","","refs/heads/master",""
"5e5b4c703dd814d7c1164ad6e3cd8432174b9511","2024-10-23 14:12:52","zannis","feat: erc20 + nft graph rules","","refs/heads/master",""
"489c94fc20b0a55cf790d8d1dff7a65f7cd9613c","2024-10-23 14:13:03","zannis","fix: typos","","refs/heads/master",""
"b1f0a791ee1cf038b38bc1cf69949fa6f8e235d7","2024-10-23 16:11:37","Alan Donoso Naumczuk","feat: Repost merged into Post creation function","","refs/heads/master",""
"91dcf070258c8817c8cc0384078affc3a41e2442","2024-10-23 16:36:39","Alan Donoso Naumczuk","feat: Merged conflicts and encodeCall fixed","","refs/heads/master",""
"ff94e418c0bf55fac601b2f5679750a8578d130d","2024-10-23 16:37:19","Alan","Merge pull request #24 from lens-protocol/encodeCall","misc: refactor encodeWithSelector into encodeCall everywhere","refs/heads/master",""
"e2fa25fc538a3b82e48ea2497503dde624518446","2024-10-23 19:31:29","vicnaum","misc: fixing the encodeCall (still WIP)","","refs/heads/master",""
"05e65b6e709d8037129ba077efdc1009a114d676","2024-10-25 11:57:48","Alan Donoso Naumczuk","feat: Account and Post action's interfaces added - Account tipping action added as example","","refs/heads/master",""
"0b433938b338a634c18cd15886a3d00c0aefb9f7","2024-10-25 16:16:41","vicnaum","fix: cannot follow yourself","","refs/heads/master",""
"a898ffda643062671c4fee058e02e147da63f77e","2024-10-25 16:26:08","Alan","Merge pull request #26 from lens-protocol/auditFixes","Audit fixes","refs/heads/master",""
"c866b72f601fccd69ddd18df8c4b33f52ed37f03","2024-10-25 16:34:22","vicnaum","fix: cannot follow more than once","","refs/heads/master",""
"3a3a498e07f5c44b50350c2558e6066eb3091ec8","2024-10-25 16:35:13","vicnaum","fix: wrong storage reference in RuleBasedGraph._processFollow","","refs/heads/master",""
"013f221476a0529d5d4c630a70ec6d1aad6fa59c","2024-10-25 16:57:40","vicnaum","misc: added missing getters and setters to App primitive","","refs/heads/master",""
"42b3cb573442bda23aa28c94a5539b038d90223a","2024-10-25 17:34:10","vicnaum","misc: added return(bool implemented) to all the rules","","refs/heads/master",""
"0c67dae2af67210ca1fee479ba3a0386c28a64dd","2024-10-25 17:34:43","vicnaum","idea: rules selectors mapping and call only optional","Co-authored-by: Alan <donosonaumczuk@gmail.com>","refs/heads/master",""
"62a7ea86d4b65f4e4336f3407ef91ca9eb2e73f0","2024-10-25 17:47:07","Alan Donoso Naumczuk","feat: Account Access Control idea implemented","Co-authored-by: Victor Naumik <vicnaum@gmail.com>","refs/heads/master",""
"b4cfab187e64f2ab0b52cd5d38238f09f42dc1eb","2024-10-25 18:07:50","Alan Donoso Naumczuk","misc: Comment idea added","","refs/heads/master",""
"53e49f5f474283b689fbe2de23164918a30e9213","2024-10-25 18:14:42","Zannis Kalampoukis","Update contracts/primitives/graph/rules/NftTokenGateRule.sol","Co-authored-by: Alan <adonoso@itba.edu.ar>","refs/heads/master",""
"b09c2856cef02fdc633710ff9c2ee04de64480f1","2024-10-28 18:06:05","Alan Donoso Naumczuk","feat: RoleBasedAccessControl and its child contracts reworked","Co-authored-by: Victor Naumik <vicnaum@gmail.com>","refs/heads/master",""
"78954f6feb73395f189c6447f87f8cfd0bde759d","2024-10-28 18:25:02","Alan","Merge pull request #27 from lens-protocol/feat/account-ac","feat: Access Control refactor","refs/heads/master",""
"e2bc0961c73e742f37c391d5b34c2be49eb37ab3","2024-10-28 18:30:32","Alan Donoso Naumczuk","fix: Type on the OwnerAdminOnlyAccessControl","","refs/heads/master",""
"216c93bc25aeeb073e9900ce05389ba6fcdbf7e5","2024-10-29 22:47:09","vicnaum","feat: Account AccessControl draft","","refs/heads/master",""
"53c6a1f033fbdf7f0b7140f6ed0536e36956056a","2024-10-30 10:49:20","vicnaum","feat: AccountManagers v2 (no AC)","","refs/heads/master",""
"41ef21271f6d69bc8a9ce364c21c00e0a2815b4e","2024-10-30 14:58:45","Josh Stevens","Merge pull request #28 from lens-protocol/feat/account-access-control","feat: Account AccessControl draft","refs/heads/master",""
"46a11b2da260e284171f19e31ccad56ea26a9ba8","2024-10-30 15:18:57","Alan Donoso Naumczuk","feat: Source interface and stamp verification added","","refs/heads/master",""
"c6ebd1f2b70beb698aebaf2e0da1ebcaeeadb472","2024-10-30 16:32:53","vicnaum","misc: solidity version bump to 0.8.18 to support named mappings","","refs/heads/master",""
"da94d6d8b9b042da7979548c0d12bdc217ebd3bf","2024-10-30 16:52:17","vicnaum","misc: return rootPostId to Post struct","","refs/heads/master",""
"96e5efb078ab3cb93a433cdf7b6a74740cbdfc2c","2024-10-30 16:52:46","vicnaum","feat: UserBlocking rule and registry implemented","","refs/heads/master",""
"9d7afd71049b6f8169786f3924c56945cc3eecea","2024-10-31 08:41:08","vicnaum","misc: AccountManagers now can setMetadataURI","","refs/heads/master",""
"7de69e4360cf06cf9c07702908923e80fd454339","2024-10-31 10:58:03","vicnaum","misc: Renamed TransactionExecuted Account event and moved more stuff to the Interface","","refs/heads/master",""
"ab20dd3b84bc13124b33a4e52f03da4002776a09","2024-10-31 11:15:54","vicnaum","feat: spender lock","","refs/heads/master",""
"cc65110c93b75dfbea42ea79f22ffb6dfce52031","2024-10-31 14:08:11","Alan Donoso Naumczuk","misc: Param renamed and placed at the end of the param list","","refs/heads/master",""
"1d782cfaec0017b062fbe174b05aa673a4f0db49","2024-10-31 14:59:01","Alan Donoso Naumczuk","feat: sourceStampVerificationEnabled flag in the App","","refs/heads/master",""
"aa730ce76acc451f267689ea35e387929316c0e9","2024-10-31 16:00:00","Josh Stevens","fix: canExecuteTansactions > canExecuteTransactions","","refs/heads/master",""
"9353e0368dd6249712fd72ba35f9a99ec8d4b3db","2024-10-31 20:00:39","Alan Donoso Naumczuk","feat: SourceStamp added to Account and Group","","refs/heads/master",""
"fb6be919bb8110dd01a071fcbf31b47c4bfe31bf","2024-10-31 20:24:53","Alan Donoso Naumczuk","feat: SourceStamp added to Feed, Graph and Username","","refs/heads/master",""
"ce97ee37082c1400868226fb4d5f9de9e792105e","2024-10-31 20:32:06","Alan Donoso Naumczuk","misc: Conflicts fixed","","refs/heads/master",""
"9ab08f072949ceb53372ef3a0119b20948498b83","2024-10-31 20:32:34","Alan","Merge pull request #31 from lens-protocol/feat/source","feat: Source interface and stamp verification added","refs/heads/master",""
"b51678feffaf0725b01ea28ee11624941154daee","2024-10-31 21:32:52","zannis","feat: SimpleCollectAction","","refs/heads/master",""
"ef1f2ef9c81acb0f7a32e525f71f310343460d04","2024-11-01 11:54:15","zannis","fix: validate msg.sender is the post author","","refs/heads/master",""
"a6f355e3b373e30491689be88203193d2fdf59f9","2024-11-01 14:37:43","Alan Donoso Naumczuk","feat: Labels added to signers from RestrictedSignersRule","","refs/heads/master",""
"1d3919bee3448e870ff1e96c6e38648838f507d6","2024-11-01 15:23:50","Alan Donoso Naumczuk","feat: Mechanism added to update labels for signers at RestrictedSignersRule","","refs/heads/master",""
"a986d081444c37ac1a97fac64e64ec7675e50763","2024-11-01 15:24:03","Alan Donoso Naumczuk","Merge branch 'master' of github.com:lens-protocol/contract-drafts","","refs/heads/master",""
"ffb10717d3182fb5f7894c908da24d0b0c7a0f6a","2024-11-01 18:47:25","vicnaum","feat: AccessControl Factory added with OwnerAdminOnly AC","","refs/heads/master",""
"7b47e5494a23d430bcbeadea091a5becf3982cc6","2024-11-02 20:15:10","zannis","add collection contract deployment to BaseCollectAction","","refs/heads/master",""
"7531a588025948979e83e79246b2331a5e8cdbb1","2024-11-04 10:39:37","Zannis Kalampoukis","Merge branch 'master' into feat/simple_collect_action","","refs/heads/master",""
"e0de1654e5e9d9297f67482b0d4af15abdb570c1","2024-11-04 15:10:08","Alan Donoso Naumczuk","feat: FollowersOnlyPostRule added","","refs/heads/master",""
"51b456365839aad45a0853a917a071b48b371cbb","2024-11-04 16:21:46","Josh Stevens","update deploy","","refs/heads/master",""
"6956cb2d4ddee253291e118f76786a2707794e2c","2024-11-04 16:22:03","Josh Stevens","update deploy","","refs/heads/master",""
"c595f9117227890b6c6e6d91befc6ab1da831067","2024-11-04 16:22:48","Alan Donoso Naumczuk","feat: CharsetUsernameRule added","","refs/heads/master",""
"73dd90de966215d68bf0eac0ac9246124572efd5","2024-11-04 16:22:59","Alan Donoso Naumczuk","Merge branch 'master' of github.com:lens-protocol/contract-drafts","","refs/heads/master",""
"0035af92f62e023cdad36e97d1a376349037ad80","2024-11-04 16:33:46","vicnaum","feat: add Account getter canExecuteTransactions(manager)","","refs/heads/master",""
"db26da126df150ea0dca24406e6c54d821793aba","2024-11-04 17:08:31","Alan Donoso Naumczuk","feat: LengthUsernameRule added","","refs/heads/master",""
"5e4bb0b84b246a95877f159a4c9be65a2a121f59","2024-11-04 17:24:47","Alan Donoso Naumczuk","misc: Conflicts solved after merging master branch","","refs/heads/master",""
"6708b634245d183af2305bb4a52d422b7a9b7e6c","2024-11-04 18:49:29","Alan Donoso Naumczuk","feat: TokenGatedRule base rule added - TokenGated Follow and Graph rules implemented","","refs/heads/master",""
"a63d141fc0b61aaebc961fb8d3cd60c03189302f","2024-11-04 18:50:52","Josh Stevens","deploy","","refs/heads/master",""
"4874f0ff412b46da37209f0a04190f068b899c0b","2024-11-04 18:51:10","Josh Stevens","fix space on deploy","","refs/heads/master",""
"6501156f38f80271767a89c1d4d5c2ecac8741b8","2024-11-04 18:54:29","Alan Donoso Naumczuk","feat: TokenGatedGroupRule added","","refs/heads/master",""
"030823fb007303f37d3f0f457fb27be7cfed38d9","2024-11-04 19:10:57","Alan Donoso Naumczuk","feat: TokenGatedFeedRule added","","refs/heads/master",""
"768cdf549b01d73c996cea3f3acd4b204ad42a04","2024-11-04 19:21:11","Alan Donoso Naumczuk","feat: TokenGatedUsernameRule added","","refs/heads/master",""
"9394f1b014a01389de87692c3b154acdfc2fa32c","2024-11-04 19:21:41","Alan","Merge pull request #25 from lens-protocol/feat/new_graph_rules","feat: Token Gated rules","refs/heads/master",""
"71487e0c52242bd616285a4fc483f71bfa5ceb8e","2024-11-04 19:34:09","vicnaum","fix: LensUsername deploy fix","","refs/heads/master",""
"b72fd7173ed7cc8e1c21ed9912d3f50c6e44069e","2024-11-04 20:04:06","Alan Donoso Naumczuk","feat: SimplePaymentRule base rule added along SimplePaymentGroupRule","","refs/heads/master",""
"c6cea6e1b1582e00a35442a0712a6d6e24384acd","2024-11-04 23:51:31","Josh Stevens","deploy","","refs/heads/master",""
"06627bebd904cc09c1285c8b98964d44eb15e298","2024-11-04 23:51:51","Josh Stevens","fix: move back to 0.8.17 syntax","","refs/heads/master",""
"745e4effd012e82e3b1cc7a3f4b04fe9cce28b26","2024-11-05 10:36:36","Alan Donoso Naumczuk","feat: SimplePaymentFollowRule added","","refs/heads/master",""
"61d16b8c5a75cb6ae47d1ae9921251aee604d3b5","2024-11-05 11:20:41","Alan Donoso Naumczuk","feat: SimplePaymentUsernameRule added + function visibility fixes","","refs/heads/master",""
"1d80a2ebc4661d6d767445e9db960b454baf0991","2024-11-05 12:15:14","Alan Donoso Naumczuk","feat: SimplePaymentFeedRule added","","refs/heads/master",""
"ef11b7e18ea96c9a2e8fa6bbd00f924daad64e05","2024-11-05 12:18:37","Alan","Merge pull request #35 from lens-protocol/feat/simple-payment-rules","feat: Simple payment rules","refs/heads/master",""
"2660b9883ad91bf3787cb7ba8bf50acb94376e18","2024-11-05 13:40:56","Alan Donoso Naumczuk","feat: GroupGatedFeedRule added","","refs/heads/master",""
"8f23f900bbebfb329031a96a6f89c4c586f3fcc0","2024-11-05 13:41:21","Alan Donoso Naumczuk","misc: Removal of named mapping keys as compiler was downgraded to 0.8.17","","refs/heads/master",""
"2d6e5168fb0a2258cdab5b0a8572c9a3a6f41897","2024-11-05 14:31:03","Alan Donoso Naumczuk","feat: ApprovalGroupRule","","refs/heads/master",""
"780373aea415e855efc40f8a6a0d17148dcdbfa7","2024-11-05 15:20:13","vicnaum","misc: hardhat.config solidity version dump down to 0.8.17 (verification issues)","","refs/heads/master",""
"b8c59951714a5be2125fcd1c65fdd71dddda37d7","2024-11-06 12:06:55","Victor Naumik","Merge pull request #30 from lens-protocol/feat/blocking","feat: UserBlocking rule and registry","refs/heads/master",""
"4f180cf3d29dbf1ecb0ba5d9521c6e74182237db","2024-11-06 12:57:35","Alan Donoso Naumczuk","misc: removed named mapping params as compiler does not support it","","refs/heads/master",""
"ae6f9663cc698898fe2ac5f93bf900bcc66ffd49","2024-11-06 13:05:03","Alan Donoso Naumczuk","fix: App intialization","","refs/heads/master",""
"47452f735e0e8babe4891a43ae5a60b4eeec2e3d","2024-11-06 15:24:01","Alan Donoso Naumczuk","feat: NFT owner added to Username checks","","refs/heads/master",""
"67ab2274b2adb10cdc7a4557e34344e2b96f89fd","2024-11-06 15:40:01","Alan Donoso Naumczuk","feat: Unassign on transfer - TODO introduced to debate","","refs/heads/master",""
"21b6734c37f4294d9300530ea40ef94daab26064","2024-11-06 16:36:10","Alan Donoso Naumczuk","feat: Lens_Username_Transfer and fixes","","refs/heads/master",""
"00157112eae2a32f4d64e436927ed46f5a7467fc","2024-11-07 12:56:19","vicnaum","misc: event moved back","","refs/heads/master",""
"3004764d929614921b4aa719a18495346eeb8a6a","2024-11-07 12:59:31","vicnaum","Merge branch 'master' into feat/simple_collect_action","","refs/heads/master",""
"a960cd4fb996eeb6344fd61740c1f40ad743f746","2024-11-07 13:03:42","vicnaum","misc: Moved actions to a separate folder","","refs/heads/master",""
"88ceba6e4adbba128784aca4d7fa3ffd06e16367","2024-11-07 13:03:58","vicnaum","Merge branch 'master' into feat/simple_collect_action","","refs/heads/master",""
"7af0f7fda0cef6c16786ab84bf222cba10583f9c","2024-11-07 13:15:00","vicnaum","misc: account actions moved to a separate folder","","refs/heads/master",""
"9b57b41da45638b1ca53dc4691550e552e6d70b3","2024-11-07 13:17:15","vicnaum","Merge branch 'master' into feat/simple_collect_action","","refs/heads/master",""
"1fdfe630fff447a7a2b085daaec87e53ca9b507b","2024-11-07 13:18:05","vicnaum","misc: moved collect action into separate folder","","refs/heads/master",""
"0830135c39fe653c49a54768a5dc8723826a7ca3","2024-11-07 13:18:15","vicnaum","misc: revert IPostAction change","","refs/heads/master",""
"3abffe7b4338cff33ebfee698131b322a15f7c5c","2024-11-07 19:51:40","vicnaum","misc: reworked SimpleCollectAction","","refs/heads/master",""
"941af1e4e3fb9404daf8d8fd7651bfb1cd98d904","2024-11-07 19:52:31","vicnaum","fix: TippingAccountAction import fixed after moving to another folder","","refs/heads/master",""
"f7093c19468547591ab12d8566414f78f8489ab9","2024-11-07 19:52:46","vicnaum","Merge branch 'master' into feat/simple_collect_action","","refs/heads/master",""
"8cf0e6e04b282b422f240494f5d7fdf9c57f3f22","2024-11-07 21:21:35","vicnaum","feat: SimpleCollectAction followerOnlyGraph added","","refs/heads/master",""
"b1549b84ccd0fd4f281b22493a9310a789d029a4","2024-11-08 11:13:55","Josh Stevens","use correct urls","","refs/heads/master",""
"3cc8fa6ba9533877773f3643184b25a43b1fe318","2024-11-08 13:21:11","vicnaum","misc: deployRules script added","","refs/heads/master",""
"928dd7540e56bb7793b3f008cbba8e159790bf33","2024-11-08 13:22:57","vicnaum","Merge branch 'master' into feat/simple_collect_action","","refs/heads/master",""
"a20f005baead6b3cd24f62195d3bf55cc5e51a8e","2024-11-08 13:23:45","vicnaum","misc: SimpleCollectAction added to deployRules script","","refs/heads/master",""
"0d24d13a998442a81465c8fb739dd39e219bd539","2024-11-08 15:36:30","vicnaum","feat: add timelock to Account spender lock","","refs/heads/master",""
"8ba5611e5af7934777203eee4abe0d803e4d925a","2024-11-08 15:42:06","Victor Naumik","Merge branch 'master' into feat/spender-lock","","refs/heads/master",""
"a0cc4c2af2950c9c998c170a4113c3ca7b7255b6","2024-11-08 15:50:22","Victor Naumik","Merge pull request #32 from lens-protocol/feat/spender-lock","feat: spender lock","refs/heads/master",""
"96225076d29b10a0314d674c49a5a05f3f490aa6","2024-11-08 15:50:58","Victor Naumik","Merge pull request #33 from lens-protocol/feat/simple_collect_action","feat: SimpleCollectAction","refs/heads/master",""
"f9f627e91b39e6445b3385f4cc6cdb6f0c549cbd","2024-11-08 16:53:10","Josh Stevens","add license","","refs/heads/master",""
"d48d6a7414e29b12353d45f470d88c9138353647","2024-11-08 17:48:19","Alan Donoso Naumczuk","fix: TokenGatedUsernameRule return value","","refs/heads/master",""
"b4392a7da36e12a94d365e6bd22fa594f6b717ff","2024-11-08 18:31:45","vicnaum","deploy: scripts","","refs/heads/master",""
"b3f98ff41d2db7c05630585f224a91f186821c30","2024-11-08 19:54:30","vicnaum","fix: deployAux","","refs/heads/master",""
"223ab1a5adc49579a3aecd715c2eed5676476e7a","2024-11-08 20:03:02","vicnaum","fix: App _setExtraData fixed (removed unneeded _requireAccess)","","refs/heads/master",""
"68f2d5904a43967e9ac52a1485bb0e03910e84f4","2024-11-08 20:03:28","vicnaum","Merge branch 'master' into deploy/scripts","","refs/heads/master",""
"78aa11143157ea072e555a52db83ab6a022ec311","2024-11-09 00:53:54","Josh Stevens","Merge pull request #36 from lens-protocol/deploy/scripts","deploy: scripts","refs/heads/master",""
"58babc1862d60d3b5443bcedac1cd12383b172d3","2024-11-10 22:32:51","vicnaum","fix: deployment scripts fixed","","refs/heads/master",""
"b1f25b5f1cc2abaa528896aeb65bbb6d86765492","2024-11-11 11:56:17","Alan Donoso Naumczuk","feat: Account implements IERC721Receiver","Co-authored-by: Victor Naumik <vicnaum@gmail.com>","refs/heads/master",""
"684ea0c9cd92820f48d79a51702d1e3f13d1fc46","2024-11-11 11:56:26","Alan Donoso Naumczuk","Merge branch 'master' of github.com:lens-protocol/contract-drafts","","refs/heads/master",""
"38aa2b14c51bddfa0c77f2a78e735221fe06599c","2024-11-11 15:52:07","Alan Donoso Naumczuk","misc: Project directory restructuring","Co-authored-by: Victor Naumik <vicnaum@gmail.com>","refs/heads/master",""
"ebc24ba1def7bfa3ed22d72d913017be3ecc0347","2024-11-11 15:57:53","Alan","Merge pull request #37 from lens-protocol/misc/project-restructure","misc: Project directory restructuring","refs/heads/master",""
"a956a8825c6a684edc1fb1a72b4da43505909b04","2024-11-11 16:12:28","Alan Donoso Naumczuk","misc: Test imports fixed after project restructuring","","refs/heads/master",""
"3474ec0d2b18651daba72d69d89471560e308968","2024-11-11 16:12:45","Alan Donoso Naumczuk","misc: package.json fix","","refs/heads/master",""
"1f8a83c61278fdc1b2c520519d708baab81a7d65","2024-11-11 16:30:12","vicnaum","misc: Account onERC721Received function made pure","","refs/heads/master",""
"7f0ac1c430918b1a888a52fa2d880760fb2ca1b4","2024-11-11 16:30:52","vicnaum","test: account tests fixed","","refs/heads/master",""
"f3fbd8917fdde9663df14417b2d5536f82a5bff5","2024-11-11 16:31:13","vicnaum","misc: deployment script tweaked","","refs/heads/master",""
"d421edce1f507e7b213e04b35618e6ec62ec2356","2024-11-11 16:43:38","Alan Donoso Naumczuk","feat: Small follow/unfollow test done","Co-authored-by: Victor Naumik <vicnaum@gmail.com>","refs/heads/master",""
"429cf24d4209d59390fb5ed31b72a2ec22bde3d0","2024-11-11 17:09:53","Alan Donoso Naumczuk","misc: README updated","Co-authored-by: Victor Naumik <vicnaum@gmail.com>","refs/heads/master",""
"c20ff9e44724e57a5e4765ca720da017f12d2df4","2024-11-11 17:18:07","Alan Donoso Naumczuk","misc: Fix README repo link","","refs/heads/master",""
"5bc880d0c10bb752442352e1304599b4a9d685ab","2024-11-11 17:57:54","Alan Donoso Naumczuk","feat: Rule interfaces updated","","refs/heads/master",""
"95d1ab3bc951e8ea9386fed49a1811e2ac06fb0d","2024-11-11 18:04:24","Alan Donoso Naumczuk","misc: Brainstorming folder  removed","","refs/heads/master",""
"c72b692fa2335a81a19a9406979da70be1773de0","2024-11-11 18:05:12","Alan Donoso Naumczuk","fix: Account executor can be owner or manager","Co-authored-by: Victor Naumik <vicnaum@gmail.com>","refs/heads/master",""
"6fa4fe8bcf6194568ba5537973249508fb126c01","2024-11-11 18:24:01","Alan Donoso Naumczuk","misc: Deployment addresses logged into file","Co-authored-by: Victor Naumik <vicnaum@gmail.com>","refs/heads/master",""
"1202f0d5cad7a51c9da44822193734939075c088","2024-11-11 18:24:50","Alan Donoso Naumczuk","misc: Deployment","","refs/heads/master",""
"231002793f089282cd84573398c73b162c127fbc","2024-11-11 18:43:02","Alan Donoso Naumczuk","fix: README typo","","refs/heads/master",""
"59aba89240b38b521a4a8cca6e0de6b3bea5edbe","2024-11-11 22:35:05","Alan Donoso Naumczuk","misc: SPDX-License updated - Copyright (C) 2024 Lens Labs. All Rights Reserved","","refs/heads/master",""
"2b89337b4dcb931cf122c13d52d597490f18e410","2024-11-11 22:45:13","Victor Naumik","Delete .DS_Store","","refs/heads/master",""
"85be23ad1c826855333dedd2388fb3efbee06378","2024-11-11 22:46:33","Victor Naumik","Delete deploy.out","","refs/heads/master",""
"27a5bfc4155561b6ead718b756194f60d9fc1525","2024-11-12 06:29:57","vicnaum","fix: Lisence replaced everywhere from MIT to UNLICENSED","","refs/heads/master",""
"e47efa5725e2fb957932240dca30f23643a6ab0b","2024-11-12 13:23:06","Alan Donoso Naumczuk","feat: Basic core tests for main social primitives","Co-authored-by: Victor Naumik <vicnaum@gmail.com>","refs/heads/feat/proxy",""
"dabf1731459636b4a90c01a5876bdc7caec2b730","2024-11-12 16:00:17","vicnaum","deploy: Lens Testnet Developer Preview deployment","","refs/heads/master",""
"fabae4b9b0591374f8c17c41a36653444b2e331a","2024-11-12 20:02:19","vicnaum","fix: Account executeTransaction now returns bytes from the tx return data","","refs/heads/feat/proxy",""
"ce47f688aa3d15cc3f8356b4b6af3d701a064f47","2024-11-12 20:02:47","vicnaum","test: minimal Account test added","","refs/heads/feat/proxy",""
"281b522376e001c90e7b1b5a670885e91209f4c8","2024-11-15 17:48:14","Alan Donoso Naumczuk","fix: RuleChange struct introduced - Rule changes collapsed into a single function","","refs/heads/feat/proxy",""
"9e755c5578f23b85f6af0a01729cb60ef10eb629","2024-11-18 15:59:29","Alan Donoso Naumczuk","misc: VS Code workspace settings - Hardhat extension as default formatter with forge","","refs/heads/feat/proxy",""
"9cc39cb41b6dfdf1a5302865361753a151be1298","2024-11-18 15:59:57","Alan Donoso Naumczuk","misc: IAccount interface formatted","","refs/heads/feat/proxy",""
"5f2914baf77748081cacbc7b747c66c64118de67","2024-11-18 16:00:35","Alan Donoso Naumczuk","feat: Follow and Membership ID removed from rules interfaces - Can be queried from primitive if needed","","refs/heads/feat/proxy",""
"dc2ee66e1401dbe3f96c340b6dc26add625294b7","2024-11-18 16:08:47","Alan Donoso Naumczuk","feat: Bubble-up error selector when executing through account","Co-authored-by: Victor Naumik <vicnaum@gmail.com>","refs/heads/feat/proxy",""
"4df3b885e4f674b9d40cc2e6dc6d39373652eb33","2024-11-18 20:46:41","vicnaum","misc: verify template script added","","refs/heads/feat/proxy",""
"a58daca442997d99250118b9ab0dab81dcc08dc1","2024-11-18 21:09:14","vicnaum","test: fix tests","","refs/heads/feat/proxy",""
"9f11558b19c4f133b23cb4875b566c8dc03fed49","2024-11-18 21:09:28","vicnaum","test: add account error forwarding tests","","refs/heads/feat/proxy",""
"1e3db3684fb8d9e0dd2fbf483c654c063bf6769d","2024-11-19 11:41:54","Alan","Merge pull request #38 from lens-protocol/feat/expose-metadata-in-factory-deployments","feat: expose metadata url in factory deployments","refs/heads/feat/proxy",""
"1662f4420ae482b11f2c5f76d26198773ea611e8","2024-11-19 14:36:15","Josh Stevens","feat: expose metadata url in factory deployments","","refs/heads/feat/proxy",""
"667387a5fa06150b0522cf9fba551aa88742a650","2024-11-20 12:18:14","Josh Stevens","feat: use access control factory in lens factory","","refs/heads/feat/proxy",""
"a76a7ca65d12d0772f1b7a666094401c8ea23699","2024-11-20 12:47:37","Josh Stevens","use OwnerAdminOnlyAccessControl","","refs/heads/feat/proxy",""
"aab5bf744bc8358723c7078e10ecdb64cc7848aa","2024-11-20 15:07:40","vicnaum","test: foundry test fixed","","refs/heads/feat/proxy",""
"f4521fcb178e02ca5ecd35a8cf04d8964b3c5e46","2024-11-20 15:11:20","Victor Naumik","Merge pull request #40 from lens-protocol/feat/use-access-control-factory","feat: use access control factory in lens factory","refs/heads/feat/proxy",""
"fe3cfae32672e91940447883d22cbcbe5191f245","2024-11-20 20:26:14","vicnaum","feat: UserBlockingRule default for Feed and Graph","","refs/heads/feat/proxy",""
"3e84516b253dea3dbfb18e956c8b2fb2d37dcc83","2024-11-20 20:26:29","vicnaum","misc: deployment script fix","","refs/heads/feat/proxy",""
"1506fe768a7d7ec523db473e2d7f4af9befb049f","2024-11-20 21:36:26","Alan Donoso Naumczuk","feat: ExtraData removed by setting empty bytes","","refs/heads/feat/proxy",""
"c81cf3cf3964adf2c6940a4cc16962351fb0605c","2024-11-21 10:41:24","vicnaum","misc: Added getAccountManagersPermissions getter to the Account and fixed edge cases on adding managers","","refs/heads/feat/proxy",""
"d3b31222e91b97210515f4973ed09936ab89fc7f","2024-11-21 10:41:41","vicnaum","test: AccountManager tests added","","refs/heads/feat/proxy",""
"79e87af1e3626701017971d8da3c34227d42d567","2024-11-21 14:37:36","Alan","Merge pull request #44 from lens-protocol/feat/username-side-effects","feat: Username side effects","refs/heads/feat/proxy",""
"140800c7b5318e7c7067a15280a8902e034e1cd9","2024-11-21 14:54:49","Alan","Merge pull request #42 from lens-protocol/feat/refactor-extra-data","feat: ExtraData removed by setting empty bytes","refs/heads/feat/proxy",""
"20b66db6ae422250a3986af9071defc9b937582b","2024-11-21 17:27:32","Alan Donoso Naumczuk","feat: Side effects added for Usernames - e.g. Assigning auto-unassigns","","refs/heads/feat/proxy",""
"ef75bafd1325032fcd9eb121b2ff0ef3f2414355","2024-11-21 17:36:05","Alan Donoso Naumczuk","feat: Remove side-effect of unassigning on Username transfers","","refs/heads/feat/proxy",""
"2accf07c62a762dd5e0b73f4d4cfa2d873fe9bb9","2024-11-22 11:28:54","Josh Stevens","deploy testnet in deploy script","","refs/heads/feat/proxy",""
"5f2a356403d7b1742c779f8369aa4de09d5dca2b","2024-11-22 13:52:36","Alan Donoso Naumczuk","feat: createAndAssignUsername added to Username implementation","","refs/heads/feat/proxy",""
"7bb586d44a72a9f74b88edd7c55fdccd9d4ad14d","2024-11-22 20:31:08","Alan Donoso Naumczuk","fix: Username test after removing rule functions","","refs/heads/feat/proxy",""
"35e00eddbecb8789cc2dc0c7ca8454c22567b6f7","2024-11-22 21:58:01","vicnaum","misc: Moved default userBlock rule to LensFactory","","refs/heads/feat/proxy",""
"457fc48ed5e3317e9ac1a32ec433293b337e5e9b","2024-11-22 21:59:44","Victor Naumik","Merge pull request #41 from lens-protocol/feat/default-blocking-rule","feat: Blocking rule set by default","refs/heads/feat/proxy",""
"114e1d95f64016e0c4fadef4e17f7972a7940ab0","2024-11-25 13:22:22","Alan","Merge pull request #39 from lens-protocol/development","Development merged into master","refs/heads/master","origin/master, origin/HEAD, master"
"363305b88eab5bd3bfd92df5abaab9919329b1d5","2024-11-25 13:27:50","Alan Donoso Naumczuk","misc: Typo fix","","refs/heads/feat/proxy",""
"fc982f32d1fa66a10d45ecca1a0473369f53f8b6","2024-11-25 13:28:21","Alan Donoso Naumczuk","test: Follow with Factory setup","","refs/heads/feat/proxy",""
"52cdf081ce9df28e0d29a29f44c34a964189000b","2024-11-28 14:06:17","Alan Donoso Naumczuk","misc: Typos and license","","refs/heads/feat/proxy",""
"dcd23d1dc6db01bc472ebff832344b9e74bd257a","2024-11-28 14:35:20","Alan Donoso Naumczuk","misc: foundry.toml updated with formatter settings","","refs/heads/feat/proxy",""
"410d3fb756f0d41d5f12cf67592d23da629102c6","2024-11-28 14:36:37","Alan Donoso Naumczuk","misc: Reformatting after formatter settings changed","","refs/heads/feat/proxy",""
"4e26ed3613098e20306e67a7c3c0fe1b1665e3dd","2024-11-28 14:40:46","Alan Donoso Naumczuk","misc: DataElement renamed to KeyValue to be re-used in diff contexts","Co-authored-by: Victor Naumik <vicnaum@gmail.com>","refs/heads/feat/proxy",""
"9a1c17e5e9e6e19caaf1c0908f54d513e2c07831","2024-11-29 16:06:02","Alan Donoso Naumczuk","feat: Group refactored with new approach of rules configured per selector","Co-authored-by: Victor Naumik <vicnaum@gmail.com>","refs/heads/feat/proxy",""
"8b9a76b9e777210b66b717eb20d15ba3d1ce9d72","2024-12-02 12:02:45","Alan Donoso Naumczuk","feat: SourceStamp brang back as native param - this may change in the next refactor iteration","Co-authored-by: Victor Naumik <vicnaum@gmail.com>","refs/heads/feat/proxy",""
"87689df93d53d9c8b353106f576fc58e3423693d","2024-12-02 14:37:37","Alan Donoso Naumczuk","feat: Group and Username primitives configure rule per-selector - compiles successfully","Co-authored-by: Victor Naumik <vicnaum@gmail.com>","refs/heads/feat/proxy",""
"5c1da83418db557e8542b31cf6430c42ef67f02d","2024-12-03 13:14:31","Alan Donoso Naumczuk","misc: Files temporarily renamed to exclude from compilation","Co-authored-by: Victor Naumik <vicnaum@gmail.com>","refs/heads/feat/proxy",""
"b5aa7cbba8eb1811a35402e0a81b464bbc1f9457","2024-12-03 13:45:37","Alan Donoso Naumczuk","misc: Tipping action temporarily renamed to exclude from compilation","","refs/heads/feat/proxy",""
"bf80bd056b36ad71742b223a6f3ef9dc1c4bad24","2024-12-03 13:46:30","Alan Donoso Naumczuk","feat: Account and Post Action interfaces updated to use KeyValue custom params instead of raw bytes","","refs/heads/feat/proxy",""
"a52210508e51ab479a0da550c63d105da344ad62","2024-12-03 17:38:16","Alan Donoso Naumczuk","misc: Feed files included back to compilation","","refs/heads/feat/proxy",""
"f2409e19c2aff59f64e6f3cceb5905956fde71b6","2024-12-03 18:07:43","vicnaum","misc: Graph refactored to support new selector-based rules with configSalt","","refs/heads/feat/proxy",""
"3105af0ff3de503fdd6edc6a5bc9ae848e980442","2024-12-04 17:27:19","Alan Donoso Naumczuk","feat: Feed primitive and rules refactored to use custom params and configSalt","","refs/heads/feat/proxy",""
"822a94f7bde98a52bb5d6e6969d84d1d9731524a","2024-12-05 16:02:36","vicnaum","feat: extraStorageBased implemented and integrated into all primitives","","refs/heads/feat/proxy",""
"c83389ede469e9a4fa1dc42d8106a1ad8e2402a2","2024-12-05 16:28:02","vicnaum","feat: deterministic postId","","refs/heads/feat/proxy",""
"d91e57cbb9d63d2e081c2c1bc37b843a82a0c1e5","2024-12-06 13:37:16","Alan Donoso Naumczuk","feat: Post and Author's Post sequential IDs coexisting - Getters added","","refs/heads/feat/proxy",""
"e646df7acc04f37a54bfc4f86fc5cbd08447c6b9","2024-12-06 13:45:21","Alan Donoso Naumczuk","feat: getNextPostId(address author) added","","refs/heads/feat/proxy",""
"5b38d640bed5beb26a03438c69f087155157281e","2024-12-06 14:07:16","Alan","Merge pull request #48 from lens-protocol/feat/deterministic-post-id","feat: post ID less-frontrunnable by depending on author's sequential ID instead of global one","refs/heads/feat/proxy",""
"8c2971d6a317a4951c125ffc26b1716d16dfba32","2024-12-06 17:35:25","Alan Donoso Naumczuk","misc: TODOs added","","refs/heads/feat/proxy",""
"38311040f55117107920ba574fca1a308cfbe7d0","2024-12-06 17:37:26","Alan","Merge pull request #47 from lens-protocol/feat/extraStorage","feat: extraStorageBased implemented and integrated into all primitives","refs/heads/feat/proxy",""
"2c940aa8998ad71ebe43526311619ed68ffe787d","2024-12-06 17:44:56","Alan Donoso Naumczuk","misc: Conflicts solved after merging development branch","","refs/heads/feat/proxy",""
"80ca2f4bfbd8fccae13165eef184fdec213e2a76","2024-12-06 17:45:25","Alan","Merge pull request #46 from lens-protocol/feat/rules-by-selector","feat: Rules are now configured per rule selector","refs/heads/feat/proxy",""
"2bd8ed0447bb5506d7e6ae931b207962e1dd1ba3","2024-12-06 19:08:21","vicnaum","misc: sourceStamp moved to customParams and stored in extraData","","refs/heads/feat/proxy",""
"02d7e4567459b3474418119dec814dfdd72b4a4c","2024-12-09 17:03:12","Alan","Merge pull request #49 from lens-protocol/misc/source-stamp-moved-to-custom-params","misc: source stamp moved to custom params","refs/heads/feat/proxy",""
"2ca92aabd6664ea824d0c2baf8dca7a585cbaf76","2024-12-09 17:12:40","Alan Donoso Naumczuk","feat: More rule selectors added","Co-authored-by: Victor Naumik <vicnaum@gmail.com>","refs/heads/feat/proxy",""
"9139f10ff14dd359461c0e1a2bd2dcae0ad42251","2024-12-09 19:50:58","Alan Donoso Naumczuk","fix: Process creation and edition of post on root of quoted post","Co-authored-by: Victor Naumik <vicnaum@gmail.com>","refs/heads/feat/proxy",""
"84614297fa66c483c7afcfd332a98c33e964604f","2024-12-09 20:08:51","Alan Donoso Naumczuk","feat: Process removal done in Feed.sol","Co-authored-by: Victor Naumik <vicnaum@gmail.com>","refs/heads/feat/proxy",""
"9baa029874b7cff70c499de144b68c5e031471e5","2024-12-09 21:00:41","Alan Donoso Naumczuk","feat: Graph updated after rule interface change","Co-authored-by: Victor Naumik <vicnaum@gmail.com>","refs/heads/feat/proxy",""
"9e6254ba7bd246131af7945e091e84c122c2eb56","2024-12-09 21:01:00","Alan Donoso Naumczuk","feat: Username updated after rule interface change - events missing","Co-authored-by: Victor Naumik <vicnaum@gmail.com>","refs/heads/feat/proxy",""
"31f463f6e3c478f986b9681462d7d3672fa6d2f4","2024-12-10 12:17:28","vicnaum","feat: multiSelector rule configuration","","refs/heads/feat/proxy",""
"860acde7d80ab6aea1aea68f530354209295afd3","2024-12-10 17:10:13","Alan Donoso Naumczuk","misc: TippingAccountAction updated to follow the new interface","","refs/heads/feat/proxy",""
"0af2cd95bfa61a5002abda59c72c263a5b3db77f","2024-12-10 18:11:43","Alan Donoso Naumczuk","misc: CharsetUsernameRule updated to follow the new interface","","refs/heads/feat/proxy",""
"74a61c9b8c2a0722d877b70ae5dc6505dd3fe0a5","2024-12-10 21:45:23","vicnaum","misc: Factories fixed for multi-selector rules approach and custom params","","refs/heads/feat/proxy",""
"02dfc13085149ced72697c6de11076f9b9e73f4c","2024-12-11 16:48:05","Alan Donoso Naumczuk","misc: LengthUsernameRule updated to follow the new interface","","refs/heads/feat/proxy",""
"41645dc0239c129e4967a509020bff225d46ddf1","2024-12-11 21:59:10","Alan","Merge pull request #52 from lens-protocol/feat/multi-selector-configuration","feat: multiSelector rule configuration","refs/heads/feat/proxy",""
"c41e965214be6896df89004ce8def056568fff46","2024-12-12 11:39:40","Alan Donoso Naumczuk","feat: getFollowingCount added to Graph","","refs/heads/feat/proxy",""
"2885bd97bc620486c77d6cbc719155f91c4057a6","2024-12-12 11:40:24","Alan Donoso Naumczuk","misc: SimplePaymentUsernameRule updated to follow the new interface","","refs/heads/feat/proxy",""
"f926b2c654734d0fb631f7fe4098c590aeede57a","2024-12-12 11:40:59","Alan Donoso Naumczuk","misc: Config storage added selector as key too","","refs/heads/feat/proxy",""
"25e0880e029e63552627abcd9fdf7f67c642aaef","2024-12-13 13:37:01","Alan Donoso Naumczuk","feat: Rule's boolean return value not needed anymore","","refs/heads/feat/proxy",""
"4ee86b4bc16b540b362fb1ffe6887702c14828a4","2024-12-13 13:37:42","Alan Donoso Naumczuk","misc: TokenGatedUsernameRule updated to follow the new interface","","refs/heads/feat/proxy",""
"a485780af80ff41666e24f24ae96d613ba14c53e","2024-12-13 13:38:07","Alan Donoso Naumczuk","misc: Username rules updated, boolean return removed","","refs/heads/feat/proxy",""
"cacc4a8965f981d3cb56b222615b84068833d391","2024-12-13 15:36:57","Alan Donoso Naumczuk","feat: MembershipApprovalGroupRule updated to follow new interface and allow auto-join after approval","","refs/heads/feat/proxy",""
"1943d887c6310cfa6ae66c608eca9c60e72c95d0","2024-12-13 17:37:45","Alan Donoso Naumczuk","fix: Avoid double-call with same params when 'replying with quote'","","refs/heads/feat/proxy",""
"a3be02b42a7199f68f23d0d3a7c7b240b7645e49","2024-12-13 17:38:37","Alan Donoso Naumczuk","misc: FollowersOnlyPostRule updated to follow the new interface","","refs/heads/feat/proxy",""
"49173d2a88ee87270cf07f6040cca9fc7f30bbbf","2024-12-13 17:44:28","vicnaum","misc: SimpleCollectAction refactored to support KeyValue params","","refs/heads/feat/proxy",""
"d87239ea82a086277d3d86e7de53ed0f8b5e2570","2024-12-13 18:21:47","vicnaum","misc: TODO added","","refs/heads/feat/proxy",""
"b8a16cf32426f3f849448c2b69acc1b47d6d5950","2024-12-13 19:39:08","vicnaum","misc: TokenGatedGroupRule refactored for new KeyValue params and selectors etc","","refs/heads/feat/proxy",""
"b73f25c2448b465bc55fb02e6288550924faa5fa","2024-12-13 19:47:29","vicnaum","misc: TokenGatedGraphRule refactored for new KeyValue params, selectors etc","","refs/heads/feat/proxy",""
"960e04d384b380020ffd58a9a5fe5820531f5365","2024-12-13 20:14:27","vicnaum","misc: TokenGatedFollowRule refactored for KeyValue params, selectors, etc","","refs/heads/feat/proxy",""
"4b4be975009a1284835a362c924d94bf8021dae8","2024-12-13 20:14:40","vicnaum","misc: TokenGatedFeedRule refactored for KeyValue params, selectors, etc","","refs/heads/feat/proxy",""
"bfdc808f5b0249597777a56c34aec114dfa7f0fb","2024-12-13 20:33:41","vicnaum","misc: SimplePaymentGroupRule refactored for KeyValue params, selectors, etc","","refs/heads/feat/proxy",""
"b30f56f7579b796171a26280715a5063198770df","2024-12-13 20:39:05","vicnaum","misc: SimplePaymentFeedRule refactored for KeyValue params, selectors, etc","","refs/heads/feat/proxy",""
"a2e5a878d6bd69d335e72ff64be4b367aa33836c","2024-12-13 20:45:06","vicnaum","misc: SimplePaymentFollowRule refactored for KeyValue, selectors, etc","","refs/heads/feat/proxy",""
"4c710d37200d8d227c0a4cf4d9f043e72da258d6","2024-12-13 20:50:10","Alan Donoso Naumczuk","misc: GroupGatedFeedRule updated to follow the new interface","","refs/heads/feat/proxy",""
"40e2dea6f36b0d24feeeec2b7878a89c44b1e647","2024-12-13 20:58:17","Alan Donoso Naumczuk","feat: GroupGatedGraphRule added","","refs/heads/feat/proxy",""
"071a1701e2028c6449820051261c00c8b7063388","2024-12-13 21:01:54","vicnaum","misc: UserBlockingRule refactored for KeyValue params, selectors, etc","","refs/heads/feat/proxy",""
"55ed3962fbc3c0ee932ce796e38304315ea2f7e2","2024-12-14 18:07:52","Alan Donoso Naumczuk","feat: Config Salt auto-generated when 0 is passed - These primitives require to pass already gen salts","","refs/heads/feat/proxy",""
"72f3ac7587338a2e5e8b1da88071b3743e6d0c44","2024-12-14 19:59:16","vicnaum","Merge branch 'development' into feat/rules-update","","refs/heads/feat/proxy",""
"73e7bcffe83f543837dfaf34508bdb65bdf64a7e","2024-12-14 20:09:02","Alan Donoso Naumczuk","fix: sourceStampVerificationEnabled condition check at App.sol","","refs/heads/feat/proxy",""
"8bdee86f25bb8be5e700d2f26a0e572e101dbf7d","2024-12-14 20:33:32","Alan","Merge pull request #53 from lens-protocol/feat/rules-update","feat: Rules updated to new interfaces","refs/heads/feat/proxy",""
"985a9a8de0eaa9e6b8aff225e40e6cf5736d9bf5","2024-12-14 20:33:51","Alan","Merge pull request #51 from lens-protocol/feat/more-rule-selectors","feat: More rule selectors","refs/heads/feat/proxy",""
"b614c94565668ae6bf5708be5d209924232573d2","2024-12-14 21:32:24","vicnaum","feat: extraData in Account","","refs/heads/feat/proxy",""
"45e39e81fdf5de80a825fecaca650203286888f9","2024-12-14 21:58:04","vicnaum","feat: Username extraData added","","refs/heads/feat/proxy",""
"1fef02c6fcbdde5e1585ede92e92907212c2ab4b","2024-12-14 22:02:54","vicnaum","feat: Follow extraData added (emit only)","","refs/heads/feat/proxy",""
"f3e584a1a152b15a4eace17f44f28295740a7cc6","2024-12-16 21:30:25","Alan Donoso Naumczuk","feat: [wip] more rules","","refs/heads/feat/proxy",""
"f2211e2fcf462e58c06998331dcf22e20537cef5","2024-12-17 16:30:06","Alan Donoso Naumczuk","feat: Refactor of rules configuration done for Group","Co-authored-by: Victor Naumik <vicnaum@gmail.com>","refs/heads/feat/proxy",""
"2c80a7ba9f0672eaef62ea61bc509c53b7ec7a1b","2024-12-17 17:15:17","Alan Donoso Naumczuk","misc: Override parent functions instead of passing anonymous functions","Co-authored-by: Victor Naumik <vicnaum@gmail.com>","refs/heads/feat/proxy",""
"a7f075310adcfbd984ba01388b69730b97385f81","2024-12-17 17:29:24","Alan Donoso Naumczuk","feat: Username refactored to follow new rule config flow","","refs/heads/feat/proxy",""
"4448c881783c01ebc0d180556054c64f5aaafa56","2024-12-18 12:14:03","Alan Donoso Naumczuk","feat: Username rules refactored after removing selector from interface","","refs/heads/feat/proxy",""
"7a06ff855afa6118f1f6c0498915e2f2332cf900","2024-12-18 12:30:30","Alan Donoso Naumczuk","feat: Group rules refactored after removing selector from interface","","refs/heads/feat/proxy",""
"eba45fe6a313ecc5fa34bcd8977b4da1f5bd98e4","2024-12-18 12:42:26","Alan Donoso Naumczuk","feat: Graph rules - except restricted signers - refactored after removing selector from interface","","refs/heads/feat/proxy",""
"f21f3c70b109fa187085c046bde44b778702ff53","2024-12-18 12:54:34","Alan Donoso Naumczuk","feat: Follow rules refactored after removing selector from interface","","refs/heads/feat/proxy",""
"987efe7565c082917217c682788fb98729836be2","2024-12-18 13:05:46","Alan Donoso Naumczuk","feat: Post rules refactored after removing selector from interface","","refs/heads/feat/proxy",""
"cb6cd8d9cc90ff022e9264cb1bce8d9a146576e6","2024-12-18 13:29:54","Alan Donoso Naumczuk","feat: Feed rules - except restricted signers - refactored after removing selector from interface","","refs/heads/feat/proxy",""
"9db47b0218ec69ef5137d17d882dff7b47e09b19","2024-12-18 13:33:23","Alan Donoso Naumczuk","misc: Collect action brang back to compilation after interface changes","","refs/heads/feat/proxy",""
"904ec97e3a169551c2295cd485ded581d2fccb04","2024-12-18 13:34:13","Alan Donoso Naumczuk","misc: Remove TODO comment","","refs/heads/feat/proxy",""
"d4f1cb9629c8d6baaa4223ec787b97106b6920d7","2024-12-18 16:17:09","vicnaum","misc: all interfaces fixed","","refs/heads/feat/proxy",""
"6c00ca63322d58e53f8b28d5f45cb8640d95a5e8","2024-12-18 16:39:24","Alan Donoso Naumczuk","fix: RuleChange umbrella type is back in order to have the configSalt assigned for rule selectors","Co-authored-by: Victor Naumik <vicnaum@gmail.com>","refs/heads/feat/proxy",""
"45c0715b0bb0bdd3fbf558852dfdaaf0328d41d6","2024-12-18 16:54:38","Alan","Merge pull request #55 from lens-protocol/feat/rules-refactor","feat: Refactor rule configuration flow","refs/heads/feat/proxy",""
"176aa9ef64b88355a1d5c98fe7f1a0a44de04848","2024-12-18 17:04:27","vicnaum","misc: Graph refactored","","refs/heads/feat/proxy",""
"96c2fe99151b2bdea41b41f760a93417ce4746d8","2024-12-18 17:06:09","Alan Donoso Naumczuk","misc: CI added","","refs/heads/feat/proxy",""
"ff8de5acf07a5f216d6b50f2fa8ca8f1a5182d25","2024-12-18 17:10:42","Alan Donoso Naumczuk","fix: Add foundry installation to the CI steps","","refs/heads/feat/proxy",""
"0b251d3857841438ec8c181d7839a926750a41b6","2024-12-18 17:14:19","Alan","Merge pull request #56 from lens-protocol/feat/ci","feat: CI added","refs/heads/feat/proxy",""
"d64f6e80d89ea398695ca37f1ae49ca521dd98c8","2024-12-18 17:28:25","vicnaum","misc: feed refactored (wip)","","refs/heads/feat/proxy",""
"791d7f822da373d6543ff95e16be84aa2f8ed2a4","2024-12-18 17:37:22","vicnaum","misc: Feed refactor (wip-2)","","refs/heads/feat/proxy",""
"49551e45c4cfde131b1c104c14e8b6898e588ec7","2024-12-18 19:12:53","vicnaum","misc: Feed refactor (still wip)","Co-authored-by: Alan <donosonaumczuk@gmail.com>","refs/heads/feat/proxy",""
"d7c7abb29baf636ce08a7e74934d518b8e8dba0b","2024-12-18 19:15:31","vicnaum","misc: feed and graph refactor (wip)","","refs/heads/feat/proxy",""
"e307063c5624ba9e1548acf9540046037d77f2db","2024-12-18 19:46:22","vicnaum","misc: Factories refactored","Co-authored-by: Alan <donosonaumczuk@gmail.com>","refs/heads/feat/proxy",""
"bdb4e1399aff84660cda4fa9bac166a046118b13","2024-12-18 19:49:51","vicnaum","misc: UserBlockingRule refactored","","refs/heads/feat/proxy",""
"98ac70d21719718f513a205ec9715ccb2d871473","2024-12-18 20:42:46","vicnaum","Merge branch 'feat/extra-data-everywhere' into feat/rules-refactor","","refs/heads/feat/proxy",""
"557f80673565a84cf275f543cd4dbb0d1d449a03","2024-12-18 20:45:07","vicnaum","fix: add extraData to IGraph.follow() interface","","refs/heads/feat/proxy",""
"8a35480739173175ec55f197d5689775cb08f4b7","2024-12-19 14:05:13","Alan Donoso Naumczuk","feat: SourceStamp validation expects EIP-191 signature standard with version byte 0x00","","refs/heads/feat/proxy",""
"bba1b069571f666d4552982e760346d8828646a3","2024-12-19 14:07:10","Alan Donoso Naumczuk","fix: Wrong Version Byte in the comment","","refs/heads/feat/proxy",""
"fe06960639b3a07ea31761e6c0d1f9a0331f0efe","2024-12-19 14:17:22","Alan Donoso Naumczuk","Merge branch 'development' into feat/more-rules","","refs/heads/feat/proxy",""
"c4709ce0b9038e8fa1f7a0ab149d34e78fca4c35","2024-12-20 09:43:17","Josh Stevens","fix: building with forge","","refs/heads/feat/proxy",""
"e581cdc55b45dd3a2d8301120aa1ce14adaeb060","2024-12-20 13:50:01","Alan Donoso Naumczuk","feat: BanMemberGroupRule fully implemented","","refs/heads/feat/proxy",""
"466a5164374fb069072d7fe9c35fa023e51f0015","2024-12-20 14:57:58","Alan Donoso Naumczuk","feat: ReservedUsernameRule fully implemented","","refs/heads/feat/proxy",""
"af5306063f3da60c520169cac3ac540774004624","2024-12-20 15:14:56","Alan Donoso Naumczuk","fix: BanMemberGroupRule - Cannot unban while kicking from the group","","refs/heads/feat/proxy",""
"faba432e23b13057bcb8b5f24fbd89300ca859c9","2024-12-20 15:19:21","Alan","Merge pull request #58 from lens-protocol/feat/more-rules","feat: BanMemberGroupRule & ReservedUsernameRule added","refs/heads/feat/proxy",""
"567808a1c313af33c333d5f4b77d9ca9d99e46e4","2024-12-20 16:12:21","Alan Donoso Naumczuk","feat: Restricted signers rules updated after interface changes","","refs/heads/feat/proxy",""
"3b48ed9ffe281af1100e9ff9b645ae43d88a4963","2024-12-23 10:47:24","vicnaum","fix: deployment fixes","","refs/heads/feat/proxy",""
"ded9af25df17a77754e6538efb5f1a517b6efe0e","2024-12-23 10:48:44","vicnaum","misc: Solidity deployment script for checking","","refs/heads/feat/proxy",""
"d52b14ae3e6680c23e120250aea2736e777ea36b","2024-12-23 10:49:08","vicnaum","misc: more detailed deployment logs (gas)","","refs/heads/feat/proxy",""
"cccd383230e4e9c74878461a31fc1a4360a6a5e3","2024-12-23 10:49:32","vicnaum","misc: zksync compiler flag to optimize for bytecode size","","refs/heads/feat/proxy",""
"097028dfbefc9c2534181fa80b724fa3fc23ecca","2024-12-23 10:59:18","vicnaum","misc: revert back verification","","refs/heads/feat/proxy",""
"ff25ce2c5e031ce7274665fced53b901571b5fed","2024-12-23 13:24:38","Alan Donoso Naumczuk","feat: ActionHub introduced with its own action interfaces - msg.sender source of truth","Co-authored-by: Victor Naumik <vicnaum@gmail.com>","refs/heads/feat/proxy",""
"09175f71db9a7deecb1e43fede58f90c924f67b7","2024-12-23 13:56:57","Alan Donoso Naumczuk","misc: Actions refactored to follow the new ActionHub imposed interface","Co-authored-by: Victor Naumik <vicnaum@gmail.com>","refs/heads/feat/proxy",""
"a7a80505e31a702ecf9abc8e7aa44b2dbca2b2a1","2024-12-23 13:57:15","Alan Donoso Naumczuk","feat: Tipping post action introduced","Co-authored-by: Victor Naumik <vicnaum@gmail.com>","refs/heads/feat/proxy",""
"286d1c11d40d4efa0604c2fcbac48c33cc9bf9f2","2024-12-23 14:28:52","Alan Donoso Naumczuk","feat: Universal action event and configuration magic value confirmation handshake","","refs/heads/feat/proxy",""
"06eb2f9fb0df13c56230a56f0d96a08365e71c48","2024-12-23 18:52:33","vicnaum","feat: disable() function in Actions","","refs/heads/feat/proxy",""
"31e20f7abcc91197230b52fa11cdc693ee19b4fb","2024-12-23 19:34:20","vicnaum","misc: disable() action split into enable/disable","","refs/heads/feat/proxy",""
"2998041d98734af6dfb5f48fe6349db8e1ef4218","2024-12-23 19:37:09","vicnaum","misc: SimpleCollectAction updated with disable/enable collect functionality","","refs/heads/feat/proxy",""
"3f2e673642def5f150cc9ee9a0678f1089dc4426","2024-12-23 20:25:37","vicnaum","misc: baseAction moved slot out","","refs/heads/feat/proxy",""
"7539cb26683d05f0fb9e66a8cd2f7e167ba60b1b","2024-12-23 20:26:57","vicnaum","feat: MetadataBased implementation","","refs/heads/feat/proxy",""
"f50953f065bdce7005e6ca227b05908073c15527","2024-12-23 20:27:31","vicnaum","misc: GroupGatedFeedRule implements MetadataBased now","","refs/heads/feat/proxy",""
"a4e9313abdc0a39da222e97d074c27ccdf58b6a8","2024-12-24 11:38:29","Alan Donoso Naumczuk","fix: Typo","Co-authored-by: crStiv","refs/heads/feat/proxy",""
"f53ce586d3dc2808412a35b478d70ef97a6d2994","2024-12-24 11:39:21","Alan Donoso Naumczuk","fix: Comment and duplicated import","Co-authored-by: intls","refs/heads/feat/proxy",""
"afc7cea97944e57f7ad472af0e492cde540d8264","2024-12-24 23:57:01","vicnaum","misc: deployment scripts reworked, addressBook added","","refs/tags/pashov-audit-06-01-25",""
"32a724b4cc9e3fa0794a58835534c4da4851bb95","2024-12-25 19:41:36","vicnaum","feat: Metadata added to the rules and all primitives","","refs/tags/pashov-audit-06-01-25",""
"164b5aff6094faa4f0dc51c7149c529a4c1e94a6","2024-12-26 14:54:50","Alan Donoso Naumczuk","feat: Proxy with enhanced upgrade manager idea","","refs/heads/feat/proxy",""
"41152ff376b110c19cc04df0fe14f42576b21bcf","2024-12-26 23:14:31","vicnaum","misc: Metadata in constructor added to all the rules and actions (and redeployed)","","refs/tags/pashov-audit-06-01-25",""
"4a80b9639dce91f35ff6cc389cda3a0f9e621122","2024-12-29 15:12:31","Alan Donoso Naumczuk","feat: Create Group with associated Feed - factory function added","Co-authored-by: Victor Naumik <vicnaum@gmail.com>","refs/tags/pashov-audit-06-01-25",""
"f69ec1222aaa3e900214ea3da58e12bbe2ae493f","2024-12-29 15:31:50","Alan Donoso Naumczuk","feat: BaseSource now does source validation using EIP-712","","refs/tags/pashov-audit-06-01-25",""
"916dc6b25c459600eccf5a3422fd256b95b32e17","2024-12-29 15:43:59","Alan Donoso Naumczuk","misc: _beforeChangeEntityRules implemented for Feed and Graph","","refs/tags/pashov-audit-06-01-25",""
"07947f7208ff6f21489a7bb5992750e40cd3be3b","2024-12-29 15:58:50","Alan Donoso Naumczuk","misc: UserBlockingRule renamed to AccountBlockingRule","","refs/tags/pashov-audit-06-01-25",""
"f17cfd7976f743272b165f0de59ff05123b2817f","2024-12-29 18:06:14","vicnaum","misc: Check that UserBlocking rule isn't prepended two times","","refs/tags/pashov-audit-06-01-25",""
"47e6095eabb6341e746dba6a35a9c790a894181b","2024-12-29 18:06:26","vicnaum","misc: rename removePost to deletePost","","refs/tags/pashov-audit-06-01-25",""
"eb5918540b9ffcdc4cf4fa2b1aad63f12d59d101","2024-12-29 19:34:21","vicnaum","misc: App setDefaultFeed fix (and address(0) fix)","","refs/tags/pashov-audit-06-01-25",""
"b45c0eba8ee132c559de105ebe1f3ddbe7b4cd0f","2024-12-29 20:33:06","vicnaum","misc: username primitive renamed to namespace","","refs/heads/misc/username-renamed-to-namespace",""
"f5dd9b2140a405201b4c86f15baa9eea3b5be2f3","2024-12-29 21:28:13","vicnaum","misc: new deployment","","refs/heads/misc/username-renamed-to-namespace","misc/username-renamed-to-namespace"
"85e968f0015a70055db93bb9c3eec6c9b7564754","2024-12-30 12:14:31","Victor Naumik","Merge pull request #62 from lens-protocol/misc/username-renamed-to-namespace","misc: username primitive renamed to namespace","refs/tags/pashov-audit-06-01-25",""
"b122e28fef30adfdb818c16f38a6091b7e9a1d15","2024-12-30 12:46:00","vicnaum","misc: formatting","","refs/tags/pashov-audit-06-01-25",""
"db631aef5d8283d76311a23a5f2e17cfe4bf3e30","2024-12-30 12:47:53","vicnaum","misc: more formatting","","refs/tags/pashov-audit-06-01-25",""
"7885cce2bbd663c00a9f011e11c88c121f9d66d2","2024-12-30 12:56:22","vicnaum","fix: removed done, unnecessary or known todo's","","refs/heads/misc/resolve-todos",""
"fabd708fce0d4447cd9207b49811314068887ee2","2024-12-30 12:56:45","vicnaum","misc: constant made for param","","refs/heads/misc/resolve-todos",""
"50f007bb4fbabefc93ad34db9bcec60146c76034","2024-12-30 12:57:21","vicnaum","fix: all post getters should fail if post doesn't exist","","refs/heads/misc/resolve-todos",""
"ab8bc0192866aa2f6e12d0c55959880170546d36","2024-12-30 16:02:53","Alan Donoso Naumczuk","feat: Migration implementations for Feed and Graph added","Co-authored-by: Victor Naumik <vicnaum@gmail.com>","refs/tags/pashov-audit-06-01-25",""
"4449554d9562ae5ebc42af3c9d3a2c15baf26ea2","2024-12-30 16:03:38","Alan Donoso Naumczuk","feat: Group point to official Feed in extra data","Co-authored-by: Victor Naumik <vicnaum@gmail.com>","refs/tags/pashov-audit-06-01-25",""
"036c1b73ccd5de4d10b200123d30b20451adff01","2024-12-30 16:33:06","vicnaum","misc: Refactored all the primitive getters to revert on non-existing entities","","refs/heads/misc/resolve-todos","misc/resolve-todos"
"d5f0668d573a801d1fb60f56cb442e09016f99fb","2024-12-30 17:14:09","Alan Donoso Naumczuk","misc: Hashed constants standard added & actions folder constants refactored accordingly","","refs/tags/pashov-audit-06-01-25",""
"ce9953a4c5f0d62c6182012e2f6d4f8aa1118b24","2024-12-30 17:14:53","Alan Donoso Naumczuk","misc: Code formatting through","","refs/tags/pashov-audit-06-01-25",""
"93f218ac6b9335152aa28a4a658fcc773f7dc6ee","2024-12-30 18:16:31","Alan Donoso Naumczuk","misc: Rules' hashed constants refactored according to the defined standard","","refs/tags/pashov-audit-06-01-25",""
"4fb9163c0a867c7ef5a721151c9a63f36d4b1cec","2024-12-30 19:34:25","Alan Donoso Naumczuk","misc: Hashed constants verifier script - Added to CI","","refs/tags/pashov-audit-06-01-25",""
"56bebe1b90daa3ad295c01ea00e9c6d7eafe9368","2024-12-30 20:36:34","Alan","misc: CI - hashed constants tested and improved (#64)","* misc: STORAGE__ACCESS_CONTROLLED added wrong - CI must fail * misc: Avoid printing correct hashed constants so it's easy to find and fix failing ones * misc: Print fix * misc: Storage computed constant fixed","refs/tags/pashov-audit-06-01-25",""
"4737603d5f449c7b0e079166c1834ba3ed07d1f8","2024-12-30 20:41:33","Alan Donoso Naumczuk","fix: Condition for 'All of the any-of rules failed' error","","refs/tags/pashov-audit-06-01-25",""
"b811145041e49644395b71a978dc82958e84efc0","2024-12-30 20:48:29","Victor Naumik","Merge branch 'development' into misc/resolve-todos","","refs/tags/pashov-audit-06-01-25",""
"ba4e072809c7f9dc09e02c42aff7518dea09652e","2024-12-30 20:49:27","Victor Naumik","Merge pull request #63 from lens-protocol/misc/resolve-todos","Misc: Resolving TODO's","refs/tags/pashov-audit-06-01-25",""
"82ee3407243cec295d27f7d24e55f08b66cc7b06","2024-12-31 01:36:09","Alan Donoso Naumczuk","misc: Hashed constants verification script checks for uint256-casted constants too","","refs/tags/pashov-audit-06-01-25",""
"4bc1fa5e42f057e0f1a574c01ee10786f53f4980","2024-12-31 01:46:35","Alan Donoso Naumczuk","misc: All PIDs constant hashes refactored to follow new convention","","refs/tags/pashov-audit-06-01-25",""
"3e6e287aa2ccc17f9aa9fd29f04f81675e684b2a","2024-12-31 02:20:21","Alan Donoso Naumczuk","misc: More hashed constants updated - All of them refactored","","refs/tags/pashov-audit-06-01-25",""
"8f8f6b838e3a2c791211768d2113f406287b5285","2024-12-31 14:21:47","Alan Donoso Naumczuk","fix: Function used to verify Group input changed after getters revert","","refs/tags/pashov-audit-06-01-25",""
"2300e4c395ac7a741c8eae25fa28b6b02895bb20","2024-12-31 14:32:26","Alan Donoso Naumczuk","misc: TODO solved - Answer: No, we do not want this so far","","refs/tags/pashov-audit-06-01-25",""
"0ba2c0840a3cc4d15d8607727434552261925885","2024-12-31 14:39:05","Alan Donoso Naumczuk","feat: Pass source without verification in the Migration Feed","","refs/tags/pashov-audit-06-01-25",""
"7bae42f49f5e33a4334f34e17b1b65384059253f","2024-12-31 14:45:42","Alan Donoso Naumczuk","fix: Missed source storing in extra data","","refs/tags/pashov-audit-06-01-25",""
"e38a96c47ed86812f3d45b71171459688e5862ba","2024-12-31 14:48:55","Alan Donoso Naumczuk","misc: Source for Migration Graph will always be address(0)","","refs/tags/pashov-audit-06-01-25",""
"6c4ceb88836e27dd2151da8cd1bbc60403a31c1c","2024-12-31 14:51:44","Alan Donoso Naumczuk","misc: TODO removed, task in backlog","","refs/tags/pashov-audit-06-01-25",""
"1f3b873ac40c863c37cb22512512874994e12efa","2024-12-31 20:06:54","Alan Donoso Naumczuk","feat: Draft Proxy Admin with lock","","refs/heads/feat/proxy",""
"efb28e681a6a72ae9aa32da65bd217978162cfa2","2025-01-02 15:35:39","Alan Donoso Naumczuk","misc: Tests fixed after interface changes","Co-authored-by: Victor Naumik <vicnaum@gmail.com>","refs/tags/pashov-audit-06-01-25",""
"d23a7ae5b1c2b00c0a19a51f1fc4926b72dc6da3","2025-01-02 16:58:06","Alan Donoso Naumczuk","misc: New deployment","","refs/tags/pashov-audit-06-01-25",""
"dc1c6d027d9fd2531f95b996ab6b8297b947b44d","2025-01-02 20:31:02","Alan Donoso Naumczuk","misc: Lens Factory hardhat test added to check graph rule configured event - Compiler optimizer issue","","refs/tags/pashov-audit-06-01-25",""
"1833b52416ea6f0711bf0a1475a46fb246bed646","2025-01-03 12:02:36","Alan","misc: opt-in function renamed","Co-authored-by: Victor Naumik <vicnaum@gmail.com>","refs/heads/feat/proxy",""
"bf4f8d08c28770441898e5d3528a1ae4940db6d2","2025-01-03 12:04:20","Alan Donoso Naumczuk","misc: forge fmt in upgradeability directory","","refs/heads/feat/proxy",""
"0ae06ed5332871be815ec531ca4ce7b750f43f9a","2025-01-03 12:46:55","Alan Donoso Naumczuk","feat: Upgradeability code improved","","refs/heads/feat/proxy",""
"8d914f0d36affb1d57a5c8e837e43fd3643cc08d","2025-01-03 12:47:35","Alan Donoso Naumczuk","misc: Proxy renamed to BeaconProxy to reflect its impl nature","","refs/heads/feat/proxy",""
"203dbbf99c0effbc6f3b454383a755527a754220","2025-01-03 12:48:28","Alan Donoso Naumczuk","fix: Import fix after renaming to BeaconProxy","","refs/heads/feat/proxy",""
"19f90d7276555de05a931efae35b932776fbf0fe","2025-01-03 14:00:53","Alan Donoso Naumczuk","feat: Beacon default version wording instead of latest","","refs/heads/feat/proxy",""
"384d9e59d4d8836da24b1f33748d61a7e99a7449","2025-01-03 14:01:47","Alan Donoso Naumczuk","Merge branch 'feat/proxy' into feat/factoriesAsBeacons","","refs/heads/feat/factoriesAsBeacons","feat/factoriesAsBeacons"
"5c0bcc3e939a4aaa4a6e9350714188dad602b012","2025-01-03 15:43:38","Alan Donoso Naumczuk","misc: Optimizer mode '1' - Deployment done","Co-authored-by: Victor Naumik <vicnaum@gmail.com>","refs/tags/pashov-audit-06-01-25",""
"19f3ffe8fd776bb3e67b8e53afef48e7da2c0bc2","2025-01-03 15:47:46","Alan Donoso Naumczuk","Merge branch 'development' into feat/proxy","","refs/heads/feat/proxy",""
"d6b6169862187def31729a84df1a6247c421603f","2025-01-03 15:50:44","vicnaum","Merge branch 'development' into feat/proxy","","refs/heads/feat/proxy",""
"a021a80ef52c9a5771df9615ede9dcae67cf1a10","2025-01-03 17:13:48","vicnaum","feat: Feed Factory is now a Beacon (WIP)","","refs/heads/feat/factoriesAsBeacons",""
"2ac70f4595132ec7790172a192556aab2a20592c","2025-01-03 20:52:41","Alan Donoso Naumczuk","feat: Beacon events and ownable added","","refs/tags/pashov-audit-06-01-25",""
"571a93d647df2c1dd3df150e86aa7b47b8f1534e","2025-01-04 01:30:50","Josh Stevens","feat: emit extraData in Lens_AppFactory_Deployment","","refs/tags/pashov-audit-06-01-25",""
"45877463bd92b941cb2b9bccd389e46982a9af38","2025-01-04 10:36:54","vicnaum","Merge remote-tracking branch 'origin/development' into feat/proxy","","refs/heads/feat/proxy","feat/proxy"
"d153d6a302b95c6e2dd51929aff88e615333d796","2025-01-04 14:00:54","Alan Donoso Naumczuk","feat: Beacon Proxy now follows ERC-1967 storage slots convention","","refs/tags/pashov-audit-06-01-25",""
"feceb9e4b900d294f7d1dfd2b692c3e245286366","2025-01-04 14:02:13","Alan Donoso Naumczuk","feat: Lock functions renamed and fully implemented","","refs/tags/pashov-audit-06-01-25",""
"3f0e335e402068e100afbe46a049fa4f59b7316d","2025-01-04 14:08:07","Alan Donoso Naumczuk","feat: Beacon Proxy events made compatible with ERC-1967 events","","refs/tags/pashov-audit-06-01-25",""
"55df31bf0ba23bf845528e3a4d563e2188860343","2025-01-04 14:15:55","Alan Donoso Naumczuk","feat: ProxyAdmin contract fully implemented","","refs/tags/pashov-audit-06-01-25",""
"e6f47be78ed0e3df3bcbe06fd2cea15749ac9551","2025-01-04 14:27:43","Alan","Merge pull request #65 from lens-protocol/feat/proxy","feat: Upgradeability pattern","refs/tags/pashov-audit-06-01-25",""
"873ee4460269a4408b7de4250844392f592f48c2","2025-01-04 15:42:30","Alan","Merge pull request #67 from lens-protocol/misc/factories-with-proxies","misc: factories with beacon proxies (except account)","refs/tags/pashov-audit-06-01-25",""
"11481b1a416e0352d39a809da64b692813138580","2025-01-04 18:36:43","vicnaum","misc: factories with beacon proxies","","refs/heads/misc/factories-with-proxies",""
"9961155cb8335d25455295de3ebd7f375bbf40d6","2025-01-04 18:40:07","vicnaum","Merge branch 'development' into misc/factories-with-proxies","","refs/heads/misc/factories-with-proxies",""
"9533c22aa7823b8ca5396202e2ebdaa310ca03af","2025-01-04 19:09:41","vicnaum","misc: fixes after merging branches","","refs/heads/misc/factories-with-proxies","misc/factories-with-proxies"
"b1279ad6068bcc746a4cb7029d2775389b6bd12d","2025-01-05 15:59:44","Alan Donoso Naumczuk","feat: Account upgradable and its factory updated","Co-authored-by: Victor Naumik <vicnaum@gmail.com>","refs/tags/pashov-audit-06-01-25",""
"dd969e7712816e19b3eb61a1877d6f81562ddcf2","2025-01-05 16:00:12","Alan Donoso Naumczuk","feat: MetadataBased improved to have source","Co-authored-by: Victor Naumik <vicnaum@gmail.com>","refs/tags/pashov-audit-06-01-25",""
"a508cb1ce818d33f077e5a05f996f4a235f49ac5","2025-01-05 16:00:44","Alan Donoso Naumczuk","feat: Ownable impl with computed storage","Co-authored-by: Victor Naumik <vicnaum@gmail.com>","refs/tags/pashov-audit-06-01-25",""
"b22c1a4ec6f84fe4403a10c94de295560c6161e9","2025-01-05 16:35:27","Alan Donoso Naumczuk","misc: Relative imports replaced by verbose ones","Co-authored-by: Victor Naumik <vicnaum@gmail.com>","refs/tags/pashov-audit-06-01-25",""
"592425721b167b124033252899326d17ec004ed8","2025-01-05 16:40:01","Alan Donoso Naumczuk","misc: Dashboard folder renamed to Extensions","","refs/tags/pashov-audit-06-01-25",""
"26d8b8962cd47b7515df99f023eb8a1194f0f090","2025-01-05 17:32:10","Alan Donoso Naumczuk","misc: Deployments fixed after changes","Co-authored-by: Victor Naumik <vicnaum@gmail.com>","refs/tags/pashov-audit-06-01-25",""
"4473c1d2775f9fa75c3542eb4c4d93014788cdd8","2025-01-05 19:32:29","vicnaum","misc: remove initializing state from Initializable","","refs/tags/pashov-audit-06-01-25",""
"76164f17ff1ffa481a384687b27e6e6b979d6845","2025-01-05 21:57:38","vicnaum","misc: some more info added about project and protocol structure into README","","refs/tags/pashov-audit-06-01-25",""
"79359926826f33cfecda3c91020ce181b27cc734","2025-01-06 00:22:08","Alan Donoso Naumczuk","feat: MigartionFeed mecheanism to force checks added","","refs/tags/pashov-audit-06-01-25",""
"98193ab6056197dc8163722e8f46337d5a926722","2025-01-06 12:50:53","vicnaum","misc: added repost empty contentURI forceCheck for migrations","","refs/tags/pashov-audit-06-01-25",""
"2964648c228b8d6390aed4cbbc1ac12954adb259","2025-01-06 13:57:24","Josh Stevens","ABIs","","refs/tags/pashov-audit-06-01-25",""
"edc6197129a3c71b4043fe050993893b3a6a0b04","2025-01-06 16:21:58","Alan Donoso Naumczuk","misc: LensFactory injects rules access control to match primitives one","Co-authored-by: Victor Naumik <vicnaum@gmail.com>","refs/tags/pashov-audit-06-01-25",""
"9f28983f0cd4fd126081dde6601cf95128ce1445","2025-01-06 16:57:57","vicnaum","misc: Factories made upgradeable deploy scripts updated","","refs/tags/pashov-audit-06-01-25",""
"cae5980d988156162f682643e0019ab2bf000627","2025-01-06 18:31:54","Alan Donoso Naumczuk","fix: Wrong condition for AC injection","","refs/tags/pashov-audit-06-01-25",""
"729ca31f39c372f062647eee5adeae650621e788","2025-01-06 19:20:37","Alan Donoso Naumczuk","fix: CallLib with safecall created","","refs/tags/pashov-audit-06-01-25",""
"1520a6d3d2d34a2a3231c99002d0695c939c6719","2025-01-06 22:37:04","Josh Stevens","Merge pull request #69 from lens-protocol/code-changes","misc: AC injection & CallLib::safecall","refs/tags/pashov-audit-06-01-25","tag: pashov-audit-06-01-25"
"20139fd5f510b0ef4ff1fd24aa9ad1a2d907dfd0","2025-01-07 17:31:35","Alan Donoso Naumczuk","misc: TODO solved - isImmutable storage replaced by _contentURISnapshot length check","","refs/heads/migration-fixes",""
"51c4a4d909049ac303a57569c8301741c46546c9","2025-01-08 12:32:15","Alan Donoso Naumczuk","test: MockAccessControl added","","refs/heads/fix-graph-tests",""
"a0437a58207f307484ef811685d1443982783ec7","2025-01-08 12:40:37","Alan Donoso Naumczuk","test: Initial Rules.t.sol added","","refs/heads/fix-graph-tests",""
"ed3d1cf41a3e2a8976239d48e03085f72bfd056b","2025-01-08 17:09:24","Josh Stevens","Merge pull request #70 from lens-protocol/deploy-migrations","feat: deploy migrations","refs/tags/latest-testnet",""
"fef1be756af0dc96b21c6dc8a1f4397003e31723","2025-01-08 17:37:49","vicnaum","feat: deploy migrations","","refs/heads/deploy-migrations","origin/deploy-migrations, deploy-migrations"
"7135cad378aa597ec53da4518d2b511db0bea917","2025-01-08 21:39:59","vicnaum","misc: Add revert reason to AccessControlLib for better testing","","refs/heads/fix-graph-tests",""
"f4f8751268346809dd43a1aefb5ba0a71a550b23","2025-01-08 21:40:31","vicnaum","misc: add fuzzing, via_ir and zkSync compilation to foundry.toml","","refs/heads/code-changes-compile-without-viair",""
"e9535bf26b9bb3626c2d63b4b765e4c2ea7ab2b5","2025-01-08 21:40:31","vicnaum","misc: add fuzzing, via_ir and zkSync compilation to foundry.toml","","refs/heads/fix-graph-tests",""
"b124a745de016317ec580eb2f441db2c0b73e498","2025-01-08 21:52:28","vicnaum","test: Initial Group tests added","","refs/heads/fix-graph-tests",""
"6b3bc96965c417d731755fb05c31179b384d08ff","2025-01-09 01:17:29","Alan Donoso Naumczuk","test: MockAccessControlLib added as syntax sugar","","refs/heads/fix-graph-tests",""
"7a56008a4e733eec68ed7eb5e71bc4e600b3929e","2025-01-09 01:17:44","Alan Donoso Naumczuk","test: MockRule implemented to re-use across all tests","","refs/heads/fix-graph-tests",""
"a2e86b0bd779ce45e18a5daec8badb912273e6d9","2025-01-09 01:17:53","Alan Donoso Naumczuk","test: Rules test improved","","refs/heads/fix-graph-tests",""
"e3dbc3dc60efce42e308a42f4b23302044f749a3","2025-01-09 13:48:43","Alan Donoso Naumczuk","test: IPrimitiveRule added to MockRule for better selector syntax","","refs/heads/fix-graph-tests",""
"f4874f51b45f74bb973329a7ef5a5e0437726e97","2025-01-09 13:49:19","Alan Donoso Naumczuk","test: Rules tests fixed and one positive test added","","refs/heads/fix-graph-tests",""
"8eab9527bbef58ad392447627774ac3ea0b31c3f","2025-01-09 13:52:13","Alan Donoso Naumczuk","fix: Missing rule selector validation on primitives added","","refs/heads/migration-fixes",""
"f435b95ca13bfb5e647d769be9a162b970f36f28","2025-01-09 15:17:47","vicnaum","misc: commented out all lines that caused stack-too-deep","","refs/heads/code-changes-compile-without-viair",""
"d566f87edbce343158a973382a60ea3672105187","2025-01-09 15:17:47","vicnaum","misc: commented out all lines that caused stack-too-deep","","refs/heads/misc/compile-without-viair",""
"6f7274f082fa5d31950b563fcb0d4198dbcf1205","2025-01-09 15:23:33","Alan Donoso Naumczuk","misc: compiler bump to 0.8.28 - pragma bump to ^0.8.26 - preparing for custom errors","","refs/heads/migration-fixes",""
"f3e80a08e0212f59eaa416537f0e7863bf9f4056","2025-01-09 19:37:28","Alan Donoso Naumczuk","misc: Custom Errors added on every revert case","","refs/heads/migration-fixes",""
"f89782f8596854a5a0435384dd1e0ba124cd1ff6","2025-01-09 19:57:44","Alan Donoso Naumczuk","misc: code-changes merged to tests branch - conflicts & tests fixed","","refs/heads/fix-graph-tests",""
"9c2932eae9c915415fcb4edcc354ba9fe5e9530e","2025-01-09 20:00:27","Alan Donoso Naumczuk","tests: Rules test now assert revert against custom errors","","refs/heads/fix-graph-tests",""
"5873156f7ac14d8f0a645d79ec4a3bd5079b7316","2025-01-09 20:54:26","vicnaum","misc: Namespaces and Graph compile without IR","","refs/heads/code-changes-compile-without-viair",""
"6d4b83dd691d4c8f91b9e001c48febaafdf160b8","2025-01-09 20:54:26","vicnaum","misc: Namespaces and Graph compile without IR","","refs/heads/misc/compile-without-viair",""
"28685cba345a2db96d3b6af2bf663a4a8b54670c","2025-01-10 11:20:38","Josh Stevens","feat: deploy scripts for zkstack node","","refs/tags/latest-testnet",""
"706a0aa57d61c625656dcd711934df85e95abad3","2025-01-10 11:24:46","vicnaum","misc: Rule Based Feed and Group made to compile without IR","","refs/heads/code-changes-compile-without-viair",""
"3c4c8234eb3652680e891ae732d23dc1f801b148","2025-01-10 11:24:46","vicnaum","misc: Rule Based Feed and Group made to compile without IR","","refs/heads/misc/compile-without-viair",""
"0ba5dd181c2ef0e595e7e7f89cbaba4fe8c146bb","2025-01-10 11:36:02","vicnaum","misc: RuleBasePrimitive made to compile without IR","","refs/heads/code-changes-compile-without-viair",""
"9aec88ed88ca3c2c90af22f80764cfd8db16e9a9","2025-01-10 11:36:02","vicnaum","misc: RuleBasePrimitive made to compile without IR","","refs/heads/misc/compile-without-viair",""
"c5a740a8f000a032e2d7d660640b86d691a64b12","2025-01-10 11:53:23","vicnaum","misc: Feed made to compile without IR","","refs/heads/code-changes-compile-without-viair",""
"5966e9b6ffce11ee97e74d83910b77514734be55","2025-01-10 11:53:23","vicnaum","misc: Feed made to compile without IR","","refs/heads/misc/compile-without-viair",""
"af083d7eea36d847f7b2866c6cd6506d377e4b7f","2025-01-10 11:58:43","vicnaum","misc: MigrationFeed made to compile without IR","","refs/heads/code-changes-compile-without-viair",""
"1098fdacb496f419bf0b0a493be022ed4edc4754","2025-01-10 11:58:43","vicnaum","misc: MigrationFeed made to compile without IR","","refs/heads/misc/compile-without-viair",""
"0aad9f25c6fbb0f51f31301919c1debb361281c8","2025-01-10 12:21:17","vicnaum","misc: LensFactory made to compile without IR","","refs/heads/code-changes-compile-without-viair",""
"7ba8a5f1a8f6a1c6804984be0e0824f4d9b7c474","2025-01-10 12:21:17","vicnaum","misc: LensFactory made to compile without IR","","refs/heads/misc/compile-without-viair",""
"cc4fe7eb1fb29e3ac417fb47223a3064e6793ae4","2025-01-10 12:23:05","vicnaum","misc: LensFactory tests made to compile without IR","","refs/heads/code-changes-compile-without-viair","code-changes-compile-without-viair"
"1573be7f8a66e05044b4bc90fc64eea69a5bcf91","2025-01-10 12:23:05","vicnaum","misc: LensFactory tests made to compile without IR","","refs/heads/misc/compile-without-viair","misc/compile-without-viair"
"a157a847e1b42e64c13ee3ad1e1e7b5bfebad349","2025-01-10 17:45:57","Alan","Merge pull request #73 from lens-protocol/code-changes-compile-without-viair","Merge `Code changes` with `Compile without viair`","refs/heads/migration-fixes",""
"3cdf56f4f21180e43c2980042d39fe68ad38e9a9","2025-01-10 17:49:38","Alan Donoso Naumczuk","tests: Improved rules tests","","refs/heads/fix-graph-tests",""
"ce6a04f3a85b586de57a9d09b4854496a61d7155","2025-01-10 17:51:49","Alan Donoso Naumczuk","Merge branch 'code-changes' into tests","","refs/heads/fix-graph-tests",""
"99537ba3596249de172df31f7e56e2d51069d944","2025-01-10 19:51:53","vicnaum","Merge branch 'code-changes-compile-without-viair' into tests","","refs/heads/fix-graph-tests",""
"47fe7b24faf2d9ada3fc19490dc7cce90e593806","2025-01-10 19:59:09","vicnaum","misc: add ignore coverage functions to tests","","refs/heads/fix-graph-tests",""
"8846a0bbf41fd0aa1059e1e4517fe4f93997ae05","2025-01-10 20:19:59","vicnaum","test: GroupCore tests added","","refs/heads/fix-graph-tests",""
"32ad8422ef76942c8019ebbf798536475bf05efd","2025-01-10 23:23:27","Alan Donoso Naumczuk","fix: Group tests fixed to avoid address(0) when fuzzing","","refs/heads/fix-graph-tests",""
"cef1882150f371644d6b620f89fbdb69d262401f","2025-01-11 22:25:26","vicnaum","misc: Namespace code updated to give better revert reasons for non-existing usernames","","refs/heads/migration-fixes",""
"8198261dc740440ccdb4629c206da39e1d46f665","2025-01-11 22:25:54","vicnaum","test: coverage skipper added to deploy script","","refs/heads/migration-fixes",""
"e6ed3088db0e092d0e689e3cd6ba59ca3b504156","2025-01-11 22:28:37","vicnaum","test: coverage scripts added","","refs/heads/migration-fixes",""
"12b32dee9a8f5e412c1cb692dedbbd1b234d496a","2025-01-11 22:29:01","vicnaum","Merge branch 'code-changes' into tests","","refs/heads/fix-graph-tests",""
"67ad03fc55c076315f7a3470c7eabb97b9dfd18f","2025-01-11 22:29:39","vicnaum","test: Namespace core tests added","","refs/heads/fix-graph-tests",""
"9cd20e763e8fc875d18c8c07c8df80bcb9c3a923","2025-01-13 15:16:54","Alan Donoso Naumczuk","tests: All primitive tests now inherit Rules tests","","refs/heads/fix-graph-tests",""
"b7d40ccbd02c3fd54f4ad28e1afc91f3c1675721","2025-01-14 15:58:23","Alan Donoso Naumczuk","test: More rule configuration tests","","refs/heads/fix-graph-tests",""
"0da8a9947c8c47afd192d86affc504ed3d7a51b8","2025-01-14 16:01:48","vicnaum","misc: added checks for address(0) to GraphCore","","refs/heads/migration-fixes",""
"20e2200d6a46cb7cac010eb4e07839d1991c9e7d","2025-01-14 16:02:04","vicnaum","fix: MigrationGraph fixed","","refs/heads/migration-fixes",""
"f4b42d5e7ae99f16681b5f36b0cb092dc3d906ea","2025-01-14 16:03:15","Alan Donoso Naumczuk","misc: Better error throwing during enable/disable rule selectors","","refs/heads/code-changes",""
"19d20671c429ffe7f75d38158731beb10e475d74","2025-01-14 16:03:33","Alan Donoso Naumczuk","Merge branch 'code-changes' into tests","","refs/heads/fix-graph-tests",""
"738c509fd32c56cc1a897611f1f3aa7a1f6a0274","2025-01-14 16:11:37","Alan Donoso Naumczuk","misc: SkipTokenGate refactored to a more generic SkipGate permission","","refs/heads/code-changes",""
"f520fda83ff720548b846c0b2d52c0467659bec1","2025-01-14 16:11:57","vicnaum","Merge branch 'migration-fixes' into tests","","refs/heads/fix-graph-tests",""
"b7090a89dc6971de861a7a677b63d39c134b5e95","2025-01-14 16:12:54","vicnaum","test: MigrationMode added to tests BaseDeployments helper","","refs/heads/fix-graph-tests",""
"eb721d960280a5e782df6d3838ba859387269f18","2025-01-14 16:13:06","vicnaum","test: MigrationGraph test added","","refs/heads/fix-graph-tests",""
"dfd8e4b3882e453125b5e118da064fb8dc2ddbd4","2025-01-14 16:20:14","Alan Donoso Naumczuk","fix: Added missing _processEntityRulesChanges override on Feed and Graph","","refs/heads/code-changes",""
"a936313864a8ec5b13f4c61ac0b3af048da39426","2025-01-14 16:20:31","Alan Donoso Naumczuk","misc: getUsernameTokenId modifier from view to pure","","refs/heads/code-changes",""
"0584bdd7d15349ba1212fb5324a6e2e64f40e03c","2025-01-14 16:22:14","Alan Donoso Naumczuk","Merge branch 'code-changes' into tests","","refs/heads/fix-graph-tests","fix-graph-tests"
"283d303af6eb84e6a71e06aca75d342e782e40b2","2025-01-14 17:42:30","vicnaum","fix: MigrationFeed extradata saving fix","","refs/heads/migration-fixes","origin/migration-fixes, migration-fixes"
"0247b4227f64886a4313d4fa5847c1a7c02f14bb","2025-01-14 17:43:03","vicnaum","Merge branch 'code-changes' into tests","","refs/heads/fix-graph-tests",""
"bfc26fe3744fcc04cf9e0abac6e94b2d63b347b8","2025-01-14 17:44:02","vicnaum","test: MigrationFeed test (without forceCheck, only simple createPost) and MigrationGraph test tweak","","refs/heads/fix-graph-tests",""
"df046e992aa115d7d569d480a5c087f902436436","2025-01-15 12:44:59","vicnaum","misc: add TippingPostAction to deployment script","","refs/heads/code-changes",""
"93907717b30889a95d0d9ef343fb125ee66a6618","2025-01-15 22:41:14","vicnaum","test: Graph core tests","","refs/heads/tests",""
"fdbd1c7815d521a5ded2c7da89ea4b76a999702a","2025-01-16 11:27:01","vicnaum","fix: Post Rules events emitters added","","refs/heads/code-changes",""
"1a5ce2a6423e60299b26e10258899ea0fdaa1928","2025-01-16 11:32:50","vicnaum","fix: Follow Rules events emitters added","","refs/heads/code-changes",""
"6404dfb3fddbd8f2c0e1e92e6cd3191ccaa50511","2025-01-16 12:45:52","vicnaum","Merge branch 'code-changes' into tests","","refs/heads/tests",""
"802dfe2b087bb88e25edfa07a42dae8e6e1e3c4b","2025-01-16 13:47:18","Alan Donoso Naumczuk","misc: Warning fixed","","refs/heads/tests",""
"60215a998bbf07a2173d54eec224ee87af3d56be","2025-01-16 15:47:47","Alan Donoso Naumczuk","fix: Rule processing main for-loop logic fixed - Call with empty params when processing params not present","","refs/heads/tests",""
"404b46143aa3495e578d3cbc6000c0f2efd4442b","2025-01-16 15:47:47","Alan Donoso Naumczuk","fix: Rule processing main for-loop logic fixed - Call with empty params when processing params not present","","refs/heads/code-changes",""
"b8c809126fd56846b52001b9ff9db0965a1e2ac0","2025-01-16 15:48:45","Alan Donoso Naumczuk","misc: bool return from call renamed to callSucceeded for better code semantics","","refs/heads/tests",""
"39840824504a999d446beafcecfa1cfdeb64af58","2025-01-16 15:48:45","Alan Donoso Naumczuk","misc: bool return from call renamed to callSucceeded for better code semantics","","refs/heads/code-changes",""
"0b8f73af7c575fe71243716ec71e29339eb9f2fd","2025-01-16 18:02:39","Alan Donoso Naumczuk","test: RoleBasedAccessControlTest added","","refs/heads/tests",""
"ae8a27426e0d77cb92cbbc5e0b1cfff6f02a7606","2025-01-16 18:18:41","Alan Donoso Naumczuk","test: OwnerAdminOnlyAccessControlTest added","","refs/heads/tests",""
"036baf814ce3c808aedf6bbeca5232fbb30956e3","2025-01-16 18:20:14","Alan Donoso Naumczuk","misc: IAccessControl incomplete natspec comment completed","","refs/heads/code-changes",""
"a7dce244e7785b7ecb72515bc31878221d027e5f","2025-01-16 18:21:22","Alan Donoso Naumczuk","fix: Access Control verification function now calls with address(this) and 1 instad of address(0) and 0, to avoid reverting with invalid param","","refs/heads/code-changes",""
"3fe2569fa155881796af1bc8ebbf435060fe08a0","2025-01-16 18:21:36","vicnaum","misc: Graph excessive test removed","","refs/heads/tests",""
"3ce2ff12e23dcf771bdfc9daedd946bd8afac4dc","2025-01-16 18:21:58","Alan Donoso Naumczuk","misc: Diff error constants and validations moved up on RoleBasedAccessControl","","refs/heads/code-changes",""
"4242f13ae1e66b7ac9f160e940f4ae87c6a20793","2025-01-16 18:22:13","Alan Donoso Naumczuk","Merge branch 'code-changes' into tests","","refs/heads/tests",""
"dd7919c5b061923001fef0d14e576a623d1a8f6c","2025-01-16 18:23:13","vicnaum","fix: editPost fixed (core call missing)","","refs/heads/code-changes",""
"6d390cc416bb18324d9e98a5e92f3ec3878eb1b3","2025-01-16 18:23:33","vicnaum","Merge branch 'code-changes' into tests","","refs/heads/tests",""
"394af877128f4b3f67bf3e52dc4fe4a425533e64","2025-01-16 18:39:32","vicnaum","test: Feed tests","","refs/heads/tests",""
"b862efd1f1caebf445950d2ce13ba24da0a72341","2025-01-16 18:50:43","vicnaum","misc: MigrationFeed changed to have forceChecks always","","refs/heads/code-changes",""
"39aa36195eccdc7fdf6817b5864d0ecfc185855c","2025-01-16 18:51:19","vicnaum","Merge branch 'code-changes' into tests","","refs/heads/tests",""
"5626d604d1832ec7388821ec1dbae14d65c0ae06","2025-01-16 18:59:15","vicnaum","test: MigrationFeed tests fixed","","refs/heads/tests",""
"b1652f7c1f96dfabcad410e224265a270f0e3f69","2025-01-17 14:52:16","Alan Donoso Naumczuk","misc: proxy__ prefix added to BeaconProxy functions","","refs/heads/code-changes",""
"7e84a6028d71440fb6590186d8534807ebbd3237","2025-01-17 14:52:39","Alan Donoso Naumczuk","Merge branch 'code-changes' into tests","","refs/heads/tests",""
"94293b85144781bca77d0b8dfe9d79542e07159b","2025-01-17 16:32:33","vicnaum","test: more Feed tests added","","refs/heads/tests",""
"6a2f6a30e5a63b06469cf9a955a70480a6da16dc","2025-01-17 18:05:53","Alan Donoso Naumczuk","test: Universal mock test helper added","","refs/heads/tests",""
"7e29ba6ab666731f853c5cf9b7d48f0dd3cf8581","2025-01-17 18:06:17","Alan Donoso Naumczuk","test: Lock (for proxy admin) tests added","","refs/heads/tests",""
"47ba39be68de0ca3234159edd39c84583c6ea85d","2025-01-17 18:06:37","Alan Donoso Naumczuk","test: ProxyAdmin contract tests added","","refs/heads/tests",""
"7395e0524c8a693eab94f840f97fbe1df4e2538a","2025-01-17 18:07:58","Alan Donoso Naumczuk","feat: handledcall and handledsafecall added to CallLib","","refs/heads/code-changes",""
"a0bb8969f65abff79ae75bc210c9b723093e2144","2025-01-17 18:11:18","Alan Donoso Naumczuk","fix: properly retrieve selector from ProxyAdmin call's calldata","","refs/heads/code-changes",""
"96c48f601a79a6b8a60960d615ff68c469f32870","2025-01-17 18:11:44","Alan Donoso Naumczuk","fix: Use handled flavour for safecall and call when needed","","refs/heads/code-changes",""
"95583116f765dd19d5941ad70ea435af6fa9d91c","2025-01-17 18:11:58","Alan Donoso Naumczuk","Merge branch 'code-changes' into tests","","refs/heads/tests",""
"95176ad33a9b5aeebc3e0ca76028815d76976d94","2025-01-17 19:17:16","vicnaum","fix: make all the rule-related hooks abstract and required to override","","refs/heads/code-changes",""
"7120fac7c34a81eade44d51fa2a7258b9e5e22f2","2025-01-17 19:18:05","vicnaum","Merge branch 'code-changes' into tests","","refs/heads/tests",""
"dc2afbcd1b1a772c86d1c6cb55ff607b76ece4ab","2025-01-17 19:21:53","vicnaum","test: entity tests added","","refs/heads/tests",""
"8d51bcc7575a4f6da76f0a75a9665d8d56e8c170","2025-01-17 19:22:09","vicnaum","test: rule execution combinations tests added","","refs/heads/tests",""
"04b36e1ece62e8cf5bcfa2293b884eee13ddf9c8","2025-01-17 20:36:55","vicnaum","fix: MockRule fixed","","refs/heads/tests",""
"e5492a3265eafc28061d2858e6df472484c16ce9","2025-01-17 20:37:17","vicnaum","test: Namespace Rule Execution tests added","","refs/heads/tests",""
"0c981536895436ea4021d14bfab39b34ee3d204e","2025-01-17 20:54:18","Alan Donoso Naumczuk","test: Beacon (custom Versioned Beacon impl) test added","","refs/heads/tests",""
"f458e576d521fdf728b8b0648c603fd1d8eb4a2e","2025-01-18 20:33:48","vicnaum","misc: processRemovePost renamed to processDeletePost","","refs/heads/code-changes",""
"320e1d74d532dde1cc5bf79b99ebc3e6157b5ab7","2025-01-18 20:34:24","vicnaum","Merge branch 'code-changes' into tests","","refs/heads/tests",""
"6d1b83fe53812b73bff5e23c16b7d8e9045407f0","2025-01-18 20:35:04","vicnaum","misc: processRemovePost renamed to processDeletePost in tests","","refs/heads/tests",""
"985c503c68469719f38d796639df95de6a250c1d","2025-01-18 20:35:22","vicnaum","test: RuleExecution tests for Feed, Graph, Follow and Post","","refs/heads/tests",""
"f0128a6c96a91a2d3cf5e2d5b5239e03b0f1c570","2025-01-18 20:36:53","vicnaum","misc: _handleCall changed to pure","","refs/heads/code-changes",""
"d93a72fb2731d4c1d897084f2b7b43cb000e17f0","2025-01-18 20:41:18","vicnaum","misc: Renames Self() error to ActionOnSelf() to prevent clashing with Rust reserved keyword","","refs/heads/code-changes","code-changes"
"faf3765db6727e5e5e5f5cdd03430870a3cfb0cd","2025-01-20 12:58:21","Josh Stevens","Merge pull request #72 from lens-protocol/code-changes","Code improvements and fixes","refs/tags/latest-testnet",""
"e2ce4481248d9ec3e027c4162780252e18b1780d","2025-01-20 13:32:41","Alan Donoso Naumczuk","test: Feed expected post ID tests added","","refs/heads/tests",""
"10720d556b2a9001defa5ebcebe2b18924ac076f","2025-01-20 13:33:37","Alan Donoso Naumczuk","feat: Expected Post ID validation added through optional lens.param.expectedPostId param","","refs/heads/migration-genesis-branch",""
"e991a46e197a656deab7fbfed8fa4108855c4b5c","2025-01-20 13:33:52","Alan Donoso Naumczuk","Merge branch 'new-code-changes' into tests","","refs/heads/tests",""
"b309dab2924b15181ad2a13468e4f59b2c070260","2025-01-20 14:03:03","vicnaum","Merge branch 'development' into tests","","refs/heads/tests",""
"f8e921d1c4e61d891fff32d6d6ab38af5e3b228f","2025-01-20 14:12:55","vicnaum","misc: Added optionality of all parameters during App initialization","","refs/heads/code-changes-2","code-changes-2"
"28906ae21a3cc94392493fc18bce6225efdc0524","2025-01-20 15:51:18","Alan Donoso Naumczuk","feat: Base TrustBasedRule added","","refs/heads/migration-genesis-branch",""
"2b3b8e2aa5a4dccc6e30cd47f976c55e0a0b42e2","2025-01-20 15:51:32","Alan Donoso Naumczuk","feat: UsernamePricePerLengthNamespaceRule added","","refs/heads/migration-genesis-branch",""
"e4bf6ce3073d648000cfa42a3858dde0cf0f2669","2025-01-20 16:10:06","Alan Donoso Naumczuk","misc: Unused params warning removed","","refs/heads/migration-genesis-branch",""
"2b26d9cb8fd5d45940e73d348c6fb1c12e87b53a","2025-01-20 16:10:48","Alan Donoso Naumczuk","misc: Little optimization - break the loop after finding the single param you were looking for","","refs/heads/migration-genesis-branch",""
"8e3ede272d7804489027377f34085c85ba2ebd1b","2025-01-20 16:24:12","Alan Donoso Naumczuk","misc: UsernamePricePerLengthNamespaceRule added to deployRules.ts","","refs/heads/migration-genesis-branch",""
"1bccd288ee1ea70bfc651ccbff1d668ec64cdcc7","2025-01-20 17:15:35","vicnaum","fix: fix graph tests","","refs/heads/tests",""
"4764f1fe6c53154030371c58651fb98896c1b928","2025-01-20 17:16:35","vicnaum","misc: removed the msg.sender check for createUsername() function","","refs/heads/migration-genesis-branch",""
"cb581f20c4034448cba0601c9037819740acb257","2025-01-20 17:56:05","vicnaum","misc: added ownerOf(string) getter for username","","refs/heads/migration-genesis-branch",""
"4c79f4d129c9763f67013789042af233e4e324e7","2025-01-20 17:57:15","vicnaum","Merge branch 'new-code-changes' into tests","","refs/heads/tests",""
"94e90a5206341e814ab3d77efd4cd08f7d787047","2025-01-20 17:58:11","vicnaum","test: ownerOf(string) added to one of the tests","","refs/heads/tests",""
"14884ca0f4695187f04d0b4bc28c06eb845797fa","2025-01-20 18:41:30","vicnaum","feat: EventEmitter added to Migration Primitives (and deployment scripts)","","refs/heads/migration-genesis-branch",""
"eac58f7685a007533746001068d4bc6b7e29f910","2025-01-20 18:42:41","vicnaum","Merge branch 'new-code-changes' into tests","","refs/heads/tests",""
"87ee63448a7e2d5d8ba2ae96b77a2eef9bcbc123","2025-01-20 18:45:06","vicnaum","test: MigrationNamespace added to BaseDeployments helper","","refs/heads/tests",""
"0b28db50b55ac6eaa76933dd79ccffe44139e5e2","2025-01-20 19:19:38","vicnaum","feat: UsernameSimpleCharsetNamespaceRule","","refs/heads/migration-genesis-branch",""
"d95e2e825d59a89c5e1e3987340fbef5c61f3440","2025-01-20 19:19:54","vicnaum","Merge branch 'new-code-changes' into tests","","refs/heads/tests",""
"44f06b6c6e8a4339a6ffa56a93128b3e67ea46fa","2025-01-20 19:20:32","vicnaum","test: UsernameSimpleCharsetNamespaceRule tests","","refs/heads/tests",""
"5a76ef20653670ab4155c9bdcb6072be6bce44a1","2025-01-20 19:57:31","vicnaum","feat: UsernameSimpleCharsetNamespaceRule made default for Namespaces deployed with LensFactory","","refs/heads/migration-genesis-branch",""
"57fdc23cfd435fec918b6e28adf625fa290d1ab9","2025-01-20 19:57:45","vicnaum","Merge branch 'new-code-changes' into tests","","refs/heads/tests",""
"f542612932fb5aa3732bca309c4a8c39c12084b1","2025-01-20 20:02:51","vicnaum","test: Default Namespace UsernameSimpleCharsetNamespaceRule rule in LensFactory","","refs/heads/tests",""
"705fad39fcf23abf86125037d33979afde5fc6b5","2025-01-21 00:08:51","Alan Donoso Naumczuk","feat: OwnableMetadataBasedRule introduced and now all rules can change metadata URI if owner does it","","refs/heads/migration-genesis-branch",""
"9d91c42649ed0beb08feac6070886d050b38600a","2025-01-21 00:48:17","Alan Donoso Naumczuk","feat: optional founding member added when creating group through factories - note: requires to compile via-ir again","","refs/heads/migration-genesis-branch",""
"2d57426b7d3a4e627f0062da997f7c4b52d2f4c4","2025-01-21 08:18:22","vicnaum","misc: compilation without viaIR fixed","","refs/heads/migration-genesis-branch",""
"3faf4c3c2966aa14f9332abd189fa8de3feef450","2025-01-21 08:42:28","vicnaum","misc: Deployment scripts fixed to new factory interfaces","","refs/heads/migration-genesis-branch",""
"c094e098c080d66e72d77816adcc3aa6ebea83dc","2025-01-21 08:42:45","vicnaum","fix: hardhat test fixed to new factory interfaces","","refs/heads/migration-genesis-branch",""
"c42d2d0323a36c25796a5a0fb7d6046143c5e798","2025-01-21 08:43:01","vicnaum","Merge branch 'new-code-changes' into tests","","refs/heads/tests",""
"042bf64fe0d2f8460e9fb2a116ab01e84b0d1209","2025-01-21 08:46:21","vicnaum","fix: tests to accomodate new factory interfaces","","refs/heads/tests",""
"d9b6f8e892ebb08a0064e3fc7465fb0e53f6fe8b","2025-01-21 16:23:52","Alan Donoso Naumczuk","feat: Partial refactor for native token support - W I P","","refs/remotes/origin/feat/native-token-support","origin/feat/native-token-support"
"7e21320720976fde3ef8949fb91321b614c759aa","2025-01-23 08:07:15","vicnaum","misc: All Events emitted during the initial deployment","","refs/heads/tests",""
"71ec69f97c4abf97a22ca4b91816782e15fbc5dd","2025-01-23 13:25:18","vicnaum","misc: added postExists check to migrationFeed","","refs/heads/migration-genesis-branch",""
"476024df937e84a2b6c6420d78c8ec76ce6e7034","2025-01-23 13:25:34","vicnaum","Merge branch 'new-code-changes' into tests","","refs/heads/tests",""
"ae4caa85d220ab109841e124ee7b2447fbf329f8","2025-01-23 13:30:06","vicnaum","test: migrationFeed postExists test","","refs/heads/tests",""
"e062633868d37562f349dc446268c11952d24546","2025-01-24 02:42:07","Alan Donoso Naumczuk","feat: Namespace - Username SVGs","","refs/heads/migration-genesis-branch",""
"de56aa873460497710c7d2ca69084177c2dc2470","2025-01-24 13:55:58","vicnaum","migration: EventEmitter added to all needed contracts","","refs/heads/migration-event-emitters",""
"17bdbdd56bafa0caf3dcc2a98e12b22169abd008","2025-01-24 13:57:46","vicnaum","misc: deployment scripts support for migration contracts","","refs/heads/migration-event-emitters",""
"1efcda441dc5520796ac90bae1b3388ace796c04","2025-01-24 13:58:03","vicnaum","misc: events analysis for migration deployment","","refs/heads/migration-event-emitters","migration-event-emitters"
"6d348985cc7a8b2665ca74403726a57714c8dd8b","2025-01-24 13:59:43","vicnaum","Merge branch 'migration-event-emitters' into tests","","refs/heads/tests",""
"4c011da9a93c41b888e1b113d69526bf538a7515","2025-01-24 14:02:52","vicnaum","misc: some fixes","","refs/heads/tests",""
"ef0ebe3cb2fe16c6808ef0a4441deee7cebe05f9","2025-01-24 16:16:25","Alan Donoso Naumczuk","misc: Modifier updated to pure","","refs/heads/migration-genesis-branch",""
"c329158a71af8211f50c6b2865626361f0cc0d51","2025-01-24 16:18:42","Alan Donoso Naumczuk","feat: Optimized slice function + toLowercase conversion + SVG unsafe char escaping","","refs/heads/migration-genesis-branch",""
"d468cebfd3de8ca9eab85a1574bb309e363560b8","2025-01-24 21:38:31","Alan Donoso Naumczuk","feat: Base64 encoding added + JSON escaping + JSON tokenURI attributes","","refs/heads/migration-genesis-branch",""
"037421a198226f070030a856def164299a8a546c","2025-01-27 15:20:02","Alan","Merge pull request #80 from lens-protocol/feat/svgs","feat: Namespace tokenURI","refs/heads/migration-genesis-branch",""
"492efb4975e9c2dfb7568532e885e1b72fe0ca2b","2025-01-27 15:22:32","Alan","Merge pull request #79 from lens-protocol/migration-event-emitters","Migration eventEmitters added to all the contracts","refs/heads/migration-genesis-branch",""
"0c82c3a76804311189519049d334c3c2b4ac7471","2025-01-27 15:49:16","Alan Donoso Naumczuk","fix: verify_hashed_constants script + STORAGE__ERC721 constant hash fixed","","refs/heads/migration-genesis-branch",""
"fc4dff82c582df353e796c146f70b0d9b233c48c","2025-01-27 15:51:00","Alan Donoso Naumczuk","fix: removeMember works with PID__REMOVE_MEMBER only if no rules enabled","","refs/heads/migration-genesis-branch",""
"18b2c99efbeb1b000c136f1559d12aa9cead305c","2025-01-27 15:51:52","Alan Donoso Naumczuk","misc: ActionHub Reconfigured event + tracks enable/disable status itself too to unallow calls","","refs/heads/migration-genesis-branch",""
"bc253dcaed4de529214e7df03b298000c5757842","2025-01-27 16:57:23","Alan","Merge pull request #74 from lens-protocol/tests","Tests","refs/heads/migration-genesis-branch",""
"221ec23de13298c6463223984197c4c5199ab16b","2025-01-27 17:07:57","vicnaum","fix: postSequentialId started at 0 for migrated posts","","refs/heads/tests",""
"a342223fd3dc135cd73ff40bcb4e6d010370c4b0","2025-01-27 17:08:26","Alan Donoso Naumczuk","fix: IERC721 import fixed and Group removeMember requirements fixed","","refs/heads/migration-genesis-branch",""
"e6395a5c334c8993c7f50b795781b45802346393","2025-01-27 17:10:46","vicnaum","fix: Incorrect permission check in App.setPaymaster() function","","refs/heads/tests",""
"2e6519a2d6197f05414982ad778164cfb1a89a24","2025-01-27 17:35:22","Alan Donoso Naumczuk","test: TokenURI tests added - assert against tested tokenURI outputs","","refs/heads/migration-genesis-branch",""
"abf988d6ae6e1bb2ddc427ea0696d8966022f07e","2025-01-27 17:39:29","Alan Donoso Naumczuk","misc: tokenURI _slice function refactored to not use unavailable mcopy opcode - tokenURI tests passes","","refs/heads/migration-genesis-branch",""
"fd1ed98120bf843389654bc27aafe509ba4f2cfb","2025-01-27 19:13:50","vicnaum","fix: Account could not receive ERC1155 tokens - added ERC1155Receiver and ERC721Receiver functions","","refs/heads/tests",""
"dbbaee32342f155f2c0efbf055b5c867255a4b07","2025-01-27 19:32:30","vicnaum","fix: implement the ERC165 interface in LensERC721 and use IERC721 from OZ","","refs/heads/tests",""
"f72c5bad912c382271264c65bb704958688d69d3","2025-01-27 19:35:50","vicnaum","fix: _processPostEditingOnFeed() received the wrong parameter on post editing (rootPostRulesParams instead of feedRulesParams)","","refs/heads/tests",""
"c3011df5a7c3dbed46b3dc28c478e00f714cfea2","2025-01-27 19:39:02","vicnaum","fix: +1 removed in currentCollects limit in SimpleCollectAction to check for limit correctly","","refs/heads/tests",""
"e3923a3723d7937d38313443130071e2e68ed94e","2025-01-27 19:47:00","vicnaum","fix: added a check if the post is a root post to _beforeChangeEntityRules() - cause you can only set rules on root post","","refs/heads/tests",""
"355c2ca80c460492da1b8f06bcead8bf64ba70a3","2025-01-27 20:07:34","vicnaum","fix: include increaseAllowance/decreaseAllowance in the list of Account restricted transfer-related selectors","","refs/heads/tests","tests"
"acf5879a02d9474406ce12d71e6280112d49b658","2025-01-27 20:52:50","Alan Donoso Naumczuk","misc: Removed Access Control and Skipping-based PIDs from Follow Rules","","refs/heads/migration-genesis-branch",""
"be59a1f66df36905b4d1a973cf5500fc5926d9cb","2025-01-27 20:55:23","Alan Donoso Naumczuk","misc: Tests added to CI","","refs/heads/migration-genesis-branch",""
"d8037be805eed64282bc844955f98d01345e7990","2025-01-28 12:10:06","Alan Donoso Naumczuk","misc: MembershipApprovalGroupRule can only approve membership through processAddition","","refs/heads/migration-genesis-branch",""
"4b3b8dd3357d35009133bd6731301742adaed983","2025-01-28 14:46:30","Alan Donoso Naumczuk","fix: lastFollowIdAssigned properly set during migration","","refs/heads/migration-genesis-branch",""
"01a207b168a446ad14289c51f0b88a5ff42301a3","2025-01-28 14:57:27","Alan Donoso Naumczuk","fix: Do not allow permissionless member removal in token-gated if joined by skipping gate","","refs/heads/migration-genesis-branch",""
"e01a8ae8e86670c4fecf480f249c8eb4b3f4abe2","2025-01-28 15:12:43","Alan Donoso Naumczuk","fix: ProxyAdmin ownership transfer on createAccountWithUsernameFree + BeaconProxy getters","","refs/heads/migration-genesis-branch",""
"3bce901f2f798988b7d1ed64fd2d9916e0fafd72","2025-01-28 15:49:23","Josh Stevens","fix: use the relevant metadata events to allow definition of which action type","","refs/heads/migration-genesis-branch",""
"7c83e1c531dc90e339bfc1efe0437b6508e55523","2025-01-28 15:56:47","Alan Donoso Naumczuk","misc: Compilation fixes","","refs/heads/migration-genesis-branch",""
"5fa50e3a82d5f8ab3045513960698ef56a58af48","2025-01-28 15:57:31","Alan Donoso Naumczuk","fix: SourceStamp adds originalMsgSender and validator + nonce cancellation","Co-authored-by: Victor Naumik <vicnaum@gmail.com>","refs/heads/migration-genesis-branch",""
"266d2ce2940bc7278984366ce43730cc9ec08554","2025-01-29 15:39:10","Alan Donoso Naumczuk","fix: Account uses Lens' Ownable instead of OZ's Ownable for better storage pattern","","refs/heads/migration-genesis-branch",""
"563863a3eb6c28d17444bf384d327bc6ce237e67","2025-01-29 15:46:01","Alan Donoso Naumczuk","feat: Lock now has a backdoor to unlock specific addresses","","refs/heads/migration-genesis-branch",""
"818446a06446e190e08bfb0887ff674fd06dae59","2025-01-29 16:01:05","Alan Donoso Naumczuk","fix: BaseSource and Namespace use computed storage slots","","refs/heads/migration-genesis-branch",""
"e972cfc022fc57805c35cd54eb96e1eeb957a9fe","2025-01-29 16:36:32","Alan Donoso Naumczuk","misc: Lens Ownable emits special Lens event with Lens_Ownable_ prefix","","refs/heads/migration-genesis-branch",""
"e649202fecb52eef121cb012411cec6e080fd80a","2025-01-29 16:37:00","Alan Donoso Naumczuk","misc: RoleBasedAccessControl inherits Ownable instead of repeating code","","refs/heads/migration-genesis-branch",""
"498d4ac753bfff193a5647094cd460bfc2ba72d9","2025-01-29 17:12:42","zannis","latest contracts + abis","","refs/heads/migration-genesis-branch",""
"729b3abeda54ed21d555558dca74bef7fb261b7b","2025-01-29 17:18:52","Alan Donoso Naumczuk","misc: Deployed event improved","","refs/heads/migration-genesis-branch",""
"1350ceb347344600d6ac06a92efdf620817d368b","2025-01-29 17:19:03","Alan Donoso Naumczuk","misc: TODOs removed on Lens Collect","","refs/heads/migration-genesis-branch",""
"acbb851b6242635c69370e0b14b0d814573d3037","2025-01-29 17:33:03","Alan Donoso Naumczuk","misc: More TODOs solved","","refs/heads/migration-genesis-branch",""
"52d8511effabb80d5269a536f03cbc511b9c6641","2025-01-29 18:32:59","Alan Donoso Naumczuk","misc: TODOs removed - ExtraStorage improved and SourceStampBased too","Co-authored-by: Victor Naumik <vicnaum@gmail.com>","refs/heads/migration-genesis-branch",""
"bd822152621c812cc01eabc1677459166805efaa","2025-01-29 18:51:38","Alan Donoso Naumczuk","misc: More TODOs solved","Co-authored-by: Victor Naumik <vicnaum@gmail.com>","refs/heads/migration-genesis-branch",""
"837b155121061a227e1a6dbcd5775a5016472bec","2025-01-29 19:13:46","Alan Donoso Naumczuk","misc: AccountBlockingRule moved out of base/ directory","","refs/heads/migration-genesis-branch",""
"9b453b2f0a397bdeae3f3ecb7adac57057a8d813","2025-01-29 19:56:34","Alan Donoso Naumczuk","feat: OwnerAdminOnlyAccessControl has a lock","","refs/heads/migration-genesis-branch",""
"aa78766202477cac418536ad8e18b7fc98044398","2025-01-29 21:45:59","Alan Donoso Naumczuk","feat: Actions made OwnableMetadataBased","","refs/heads/migration-genesis-branch",""
"88cb1fd9a105edbcf7bd79719b03f0d51ad357df","2025-01-30 09:24:35","Alan Donoso Naumczuk","misc: Account ownership transferred event updated","","refs/heads/migration-genesis-branch",""
"1a2e5614755318cdbf2eb876f80f09f7cb75b155","2025-01-30 11:08:27","Alan Donoso Naumczuk","fix: EIP-712 typehashes add referenced struct types","","refs/heads/migration-genesis-branch",""
"bc766ac3e90dd29f00b9e9fe52b72978daac75aa","2025-01-30 11:21:59","Alan Donoso Naumczuk","fix: Use ABI encode instead of encodePacked for EIP-712 typed data encoding","","refs/heads/migration-genesis-branch",""
"318e9bfb00dfe2c6a508cec9eb25214b86833e14","2025-01-30 11:32:51","Alan Donoso Naumczuk","fix: ProxyAdmin::call is now payable","","refs/heads/migration-genesis-branch",""
"832e10cda7c3c799d0d1c1386db55a4e758c49ca","2025-01-30 12:22:37","vicnaum","fix: deployment scripts fixed after TODOs fixing and refactoring","","refs/heads/migration-genesis-branch",""
"33709f6db9858767dd49ee93ebcd9b160a30c3a1","2025-01-30 12:55:52","Alan Donoso Naumczuk","feat: MetadataURI improvement and fixes","Co-authored-by: Victor Naumik <vicnaum@gmail.com>","refs/heads/migration-genesis-branch",""
"846d6f7f2fe59e1602647472adff655f18500bb0","2025-01-30 13:15:27","vicnaum","fix: deployment script fixed for non-migration scenario","","refs/heads/migration-genesis-branch",""
"421963bb726b75a100653045bd3b152ffcd694aa","2025-01-30 14:42:36","vicnaum","misc: deployment scripts improved (migration stuff)","","refs/heads/migration-genesis-branch",""
"b2f36c61be3d2eaf6ce7b9d7a7fd18599721552c","2025-01-30 15:15:00","Alan Donoso Naumczuk","misc: .env example updated","","refs/heads/migration-genesis-branch",""
"803074f3a6a6c8b49a36b3e7fbeb08514b1246b9","2025-01-30 17:57:16","Alan Donoso Naumczuk","fix: Avoid redundant event in AC::setAccess","","refs/heads/migration-genesis-branch",""
"e4e718d461a5cf4b442065c1f4cfb3aeff46efbb","2025-01-30 18:05:19","Alan Donoso Naumczuk","fix: Allow to follow with last follow ID assigned","","refs/heads/migration-genesis-branch",""
"cf17f17bee0ea6fc7303ad027d672c26a87dff0a","2025-01-30 18:14:35","Alan Donoso Naumczuk","fix: Default Group setter added","Co-authored-by: Victor Naumik <vicnaum@gmail.com>","refs/heads/migration-genesis-branch",""
"32b65a6b4a49c14285400aec5bf84d6cd577eb6c","2025-01-30 18:21:19","Alan Donoso Naumczuk","fix: Check added for array length limit on App","","refs/heads/migration-genesis-branch",""
"07ce2c27c592c27311ac827d113157b3b5d882ea","2025-01-30 18:33:11","vicnaum","new deploy","","refs/heads/migration-genesis-branch",""
"a5dc516798586ce4ff26b9a18e5c866642cb896b","2025-01-30 18:42:14","Alan Donoso Naumczuk","fix: Wrong variable name on Feed.sol - renamed","Co-authored-by: Victor Naumik <vicnaum@gmail.com>","refs/heads/migration-genesis-branch",""
"75f6d23b1ae643e3c895699f084b1c2957a12ddb","2025-01-30 19:35:59","Alan Donoso Naumczuk","misc: Writing migration extra data to the internal primitive storage too so we keep an immutable version of it for future data integrity","","refs/heads/migration-genesis-branch",""
"b9ead8a22b9734cd315676c0f44b2e82eea20449","2025-01-31 11:56:25","Alan Donoso Naumczuk","feat: Multicall embedded into account for executeTransaction","","refs/heads/migration-genesis-branch",""
"c90761f8a9d1769cd78081e69a3146cf33934db6","2025-01-31 15:29:23","Alan Donoso Naumczuk","misc: Block limit bumped to 30k for non-upgradable event emitter","","refs/heads/migration-genesis-branch",""
"d03da9a1e954efda552249aff6ac80020e1ba835","2025-01-31 16:25:23","vicnaum","misc: IGraph targetAccount param renamed to match Graph implementation (accountToFollow/accountToUnfollow)","","refs/heads/migration-genesis-branch",""
"092758fe52b355af0b2367544e646c314a20d25e","2025-01-31 16:26:26","vicnaum","misc: MigrationAccount added and Primitives Owner","","refs/heads/migration-genesis-branch",""
"062ca422e3dd8c70ef2af9ad5ba48cdaa1b5b00d","2025-01-31 16:26:39","vicnaum","test: Migration Flow testing started","","refs/heads/migration-genesis-branch",""
"74c985b4e3ef1ea33ba69800717fefe4d721b3eb","2025-01-31 18:43:30","vicnaum","misc: add getters to LensFactory","","refs/heads/migration-genesis-branch",""
"6689f1850d21e6615ae3b654c4890870b3565ed0","2025-01-31 18:43:50","vicnaum","test: migrationFlow full test, without entity verification after","","refs/heads/migration-genesis-branch",""
"3e1559907fa1a5f386bb09cb4127405ff7777209","2025-01-31 18:47:58","Alan Donoso Naumczuk","misc: ExtraStorage things renamed","","refs/heads/migration-genesis-branch",""
"9ce83f776e93bee5ebfc05ebea5b0f4c63072723","2025-01-31 18:48:15","Alan Donoso Naumczuk","feat: App made MedatadaBased and ExtraStorageBased","","refs/heads/migration-genesis-branch",""
"6bf6597f1171f7f20e8ba03fd98f6f20f501a613","2025-01-31 19:22:45","vicnaum","fix: Event emitter fix","Co-authored-by: Alan <donosonaumczuk@gmail.com>","refs/heads/migration-genesis-branch",""
"0beb4d42efc3c8faf2de064b3208d12f4c5758d0","2025-01-31 19:24:26","vicnaum","test: EventEmitter single test in Migration","","refs/heads/migration-genesis-branch",""
"bd3dabbe81e7ac350425f9ac904c0daaea38aa8e","2025-01-31 19:25:08","vicnaum","misc: Metadata placeholders removed in deployment scripts and Different Locks added for each primitive","","refs/heads/migration-genesis-branch",""
"26d7a07062f9f02188536ebcd91cb96d939568c4","2025-01-31 19:26:54","Alan Donoso Naumczuk","feat: Migration Namespace uses similar workaround as Migration Feed - force injection of address scope for extra data","","refs/heads/migration-genesis-branch",""
"bed415b9ebfd598e623b1941e284c613b23221ac","2025-01-31 19:27:56","vicnaum","misc: event emitters list in contracts","","refs/heads/migration-genesis-branch",""
"3f26a94fdd2b324a1cb31435d4e2edb30da344d8","2025-01-31 19:39:48","Alan Donoso Naumczuk","misc: Special mapping to env var name requested by backend team","","refs/heads/migration-genesis-branch","tag: migration-genesis, origin/migration-genesis-branch, migration-genesis-branch"
"f9097bcc820435dec0a33b5337084755501ec92e","2025-02-03 13:38:18","zannis","chore: added BanMemberGroupRule to deploy script and redeployed contracts","","refs/heads/misc/restrict-namespace-registration-charset",""
"ea987af69863277e9e300a508f9b20427cb27564","2025-02-03 14:49:31","Alan Donoso Naumczuk","fix: Avoid account manager checks when msg.sender is owner","","refs/heads/misc/restrict-namespace-registration-charset",""
"5b6c2a3a091601bd3cf24becda08960373d17cba","2025-02-03 20:23:42","vicnaum","misc: verify_hashed_constants improved","","refs/heads/misc/restrict-namespace-registration-charset",""
"eee2a2a4ec884e99a8e899ac8b457efea8cc0abf","2025-02-03 20:24:09","vicnaum","misc: BanMemberGroupRule added as default rule to LensFactory.deployGroup()","","refs/heads/misc/restrict-namespace-registration-charset",""
"e1bc05ea3d9c1211a155aff9e959af0b11235b25","2025-02-05 12:17:31","Alan Donoso Naumczuk","fix: Account manager permissions checks improved","Co-authored-by: Victor Naumik <vicnaum@gmail.com>","refs/heads/misc/restrict-namespace-registration-charset",""
"5154b35956aab84b8375b0a73f7d3d1a46c8f96a","2025-02-05 15:06:17","vicnaum","fix: Account couldn't tunnel the funds from accountManager without canTransferNative","","refs/heads/misc/restrict-namespace-registration-charset",""
"9e407df3c1b2839c5858ad23705cab7540813603","2025-02-05 15:30:53","Alan Donoso Naumczuk","misc: Post removal and existance reworked + skip root rule processing if deleted","Co-authored-by: Victor Naumik <vicnaum@gmail.com>","refs/heads/misc/restrict-namespace-registration-charset",""
"ddba8618f56e987a9164589bcc4703e57a6d65ed","2025-02-06 12:46:24","Alan Donoso Naumczuk","fix: FollowersOnlyPostRule - Always allow author to interact with himself","","refs/heads/misc/restrict-namespace-registration-charset",""
"d3be7f934030144370c83449b64408d15460ae0a","2025-02-07 12:05:02","Alan Donoso Naumczuk","feat: Native username length limit - 255 bytes of length","","refs/heads/misc/restrict-namespace-registration-charset",""
"df9e8e7444172a2186b5e9b5a1fdd61d9ecd48e8","2025-02-07 17:32:10","Alan Donoso Naumczuk","feat: IRequestBasedGroupRule added and MembershipApprovalGroupRule implements it","","refs/heads/misc/restrict-namespace-registration-charset",""
"b1b73829abf41061b8040e08910d34de8ed4ce3a","2025-02-07 17:32:52","Alan Donoso Naumczuk","feat: IAccountGroupAdditionSettings added and Account implements it","","refs/heads/misc/restrict-namespace-registration-charset",""
"230b0f281170bb3753c066cfb851e8f3e69451e0","2025-02-07 17:33:28","Alan Donoso Naumczuk","feat: Group rule processing changed for addition and removal, IAccountGroupAdditionSettings taken into account for addition","","refs/heads/misc/restrict-namespace-registration-charset",""
"959fe036b8a340ea32a4d99caccda2f15d1287c8","2025-02-07 17:33:46","Alan Donoso Naumczuk","misc: Warning comments added to IGroupRule","","refs/heads/misc/restrict-namespace-registration-charset",""
"bcef45c8a582d2d4250788c3c5a328b44b42793f","2025-02-07 17:45:56","Alan Donoso Naumczuk","misc: Remove processAddition and processRemoval logic from BanMemberGroupRule marking them as not implemented","","refs/heads/misc/restrict-namespace-registration-charset",""
"38cd5010068e40a8eba18d8d349c37b40802430e","2025-02-10 17:11:42","Alan Donoso Naumczuk","misc: Comment improved on group rule interface","","refs/heads/misc/restrict-namespace-registration-charset",""
"bca996d0450e9bce7eb0811564669fe973137cde","2025-02-10 17:12:30","Alan Donoso Naumczuk","feat: Skip rules PID introduced for add and remove member","","refs/heads/misc/restrict-namespace-registration-charset",""
"b1eb26839a14628dabecd3451a622ce3320a9cc6","2025-02-10 17:52:35","Alan Donoso Naumczuk","feat: Allow owner or an executor account manager to add the account to groups","","refs/heads/misc/restrict-namespace-registration-charset",""
"674b689645c852a27893f6e182101306983215b4","2025-02-10 17:53:07","Alan Donoso Naumczuk","misc: Warnings removed from ban member group rule","","refs/heads/misc/restrict-namespace-registration-charset",""
"4468fafb1365095c19fc235e102074cf0df97552","2025-02-10 17:53:44","Alan Donoso Naumczuk","feat: Allow to setup single any-of rules","","refs/heads/misc/restrict-namespace-registration-charset",""
"90b00efb79c799f0829297527697cdc1eb7a50f1","2025-02-10 17:58:59","Alan Donoso Naumczuk","feat: LensFactory only allows the msg.sender to be set as group founding member","","refs/heads/misc/restrict-namespace-registration-charset",""
"c0ed25e4b91799fb8d08f85298a60e9260a6ed3d","2025-02-10 19:49:32","Alan Donoso Naumczuk","misc: Event added, restrictions to WhoCanAddMeToGroups scheme added","","refs/heads/misc/restrict-namespace-registration-charset",""
"ae84bf30703e75d40a333293ad6a5661a762250b","2025-02-11 11:38:09","Alan Donoso Naumczuk","feat: Do not allow to change WhoCanAddMeToGroups - fixed to NOBODY in current version","","refs/heads/misc/restrict-namespace-registration-charset",""
"75af6b4768d2bceadd35432cd12a6ce813952225","2025-02-11 11:54:48","Alan Donoso Naumczuk","feat: Process rules instead of reverting when have rules and does not have the full PID required setup","","refs/heads/misc/restrict-namespace-registration-charset",""
"9a7f7fd377363086f5d6b66d24186a6bce676f51","2025-02-11 13:37:36","vicnaum","fix: UsernameCharsetNamespaceRule order of checks fixed","","refs/heads/misc/restrict-namespace-registration-charset",""
"01630fee1f9ae8dab5dcc05b0099070366de2583","2025-02-11 13:42:03","vicnaum","misc: Clarification about UsernameCharsetNamespaceRule designed to be used only with ASCII","","refs/heads/misc/restrict-namespace-registration-charset",""
"5c4e7d58f5cc3e4ea624af17aa8932fe0531de27","2025-02-11 14:54:10","Alan Donoso Naumczuk","test: Comment out tests related to single any-of rule restrictions","","refs/heads/misc/restrict-namespace-registration-charset",""
"d6cbf5c9613ee339b123ed6ec732fca8abe6fb72","2025-02-11 15:21:11","Alan Donoso Naumczuk","test: MockAccountGroupAdditionSettings added and _addGroupMember_forceBypassingChecks helper function added","","refs/heads/misc/restrict-namespace-registration-charset",""
"aac1d7ed72dd82f5e8b2e0512836131d19b2b9d1","2025-02-11 15:46:55","Alan Donoso Naumczuk","test: Assumptions needed to avoid calling a vm.etch'ed group","","refs/heads/misc/restrict-namespace-registration-charset",""
"aa551e35c4d90ff3f14d615fbf611717a28e380b","2025-02-11 15:55:54","Alan Donoso Naumczuk","test: Assume member is not the mock AC which is part of the addMember flow","","refs/heads/misc/restrict-namespace-registration-charset",""
"68b5dcf7ad886370986890ab2e2c3d8704c67996","2025-02-11 16:06:31","Alan Donoso Naumczuk","misc: Directly assume member forced into group is EOA to avoid vm.etch'ing conflicts","","refs/heads/misc/restrict-namespace-registration-charset",""
"36fc791264e1a2aac11cc5001a145166a7692538","2025-02-11 16:07:11","vicnaum","test: split the Feed and Graph tests into several contracts to bypass the zksync 65535 instruction limit","","refs/heads/misc/restrict-namespace-registration-charset",""
"1bcb259336589a7c3c30a05af2717a1724962f4e","2025-02-11 16:13:22","Alan Donoso Naumczuk","test: Last fix tested mocking account group settings","","refs/heads/misc/restrict-namespace-registration-charset",""
"e638fb65f043e4b6579d4cbccd8b9310624dc4f5","2025-02-11 16:16:14","Alan","Merge pull request #81 from lens-protocol/feat/group-improvements","feat: Group improvements","refs/heads/misc/restrict-namespace-registration-charset",""
"f6c3f16d9ceec2187fe64f3b7f824aee5ab87838","2025-02-11 16:23:53","Alan Donoso Naumczuk","test: Avoid system contracts and precompiled ones when assuming EOA","","refs/heads/misc/restrict-namespace-registration-charset",""
"aae053bce73dc5f8f8cdd4f67325413459408016","2025-02-11 20:36:54","vicnaum","feat: MultiRecipient Collect functionality added","","refs/heads/action/multirecipient-collect",""
"b13b2c9146a1fa9fb3dbec05d2ce6acbe9c1bec5","2025-02-12 13:27:58","Alan Donoso Naumczuk","fix: Immutable collections can switch between disabled/enabled as long as they have not been collected yet","","refs/heads/misc/restrict-namespace-registration-charset",""
"009cc5a276832b57e012f1b6a15b0cc36a336659","2025-02-12 15:25:05","Alan Donoso Naumczuk","misc: Allow to disable/enable immutable collections and explain immutability in the context of this action","","refs/heads/misc/restrict-namespace-registration-charset",""
"2f85a5618817e9f88efb6b37da9c45d117c423c3","2025-02-12 15:36:47","Alan Donoso Naumczuk","misc: Improved comment clarity","","refs/heads/misc/restrict-namespace-registration-charset",""
"df9364803086aa32f92b90cbc3c0cd79fad687c5","2025-02-12 15:43:55","Alan Donoso Naumczuk","misc: Merge branch 'new-code-changes' into action/multirecipient-collect","","refs/heads/misc/restrict-namespace-registration-charset",""
"3eef33a855131e1e7b911519e909145b19bc930a","2025-02-12 15:45:20","Alan Donoso Naumczuk","misc: Comments improved","","refs/heads/misc/restrict-namespace-registration-charset",""
"568b62c47ad59aadfe90cf10d477148f2ac066c1","2025-02-12 15:54:55","Alan","Merge pull request #82 from lens-protocol/action/multirecipient-collect","feat: MultiRecipient Collect functionality added","refs/heads/misc/restrict-namespace-registration-charset",""
"389a473421af64f0fc158dd784cf81ff81736f94","2025-02-12 17:50:40","vicnaum","feat: Added referrals & treasury to SimpleCollectAction and forcing treasury in ActionHub","","refs/heads/action/multirecipient-collect",""
"ee8ef86f4c437fdd8886470c9ee4a948027ce51c","2025-02-12 18:14:48","vicnaum","misc: Deployment scripts updated to support ActionHub treasury forcing","","refs/heads/action/multirecipient-collect",""
"3f59cd22fd5f9b9be609ac88d1ec8cce63f62677","2025-02-12 18:29:17","vicnaum","fix: added a check that the post exists","","refs/heads/action/multirecipient-collect","action/multirecipient-collect"
"b510bf973e3e37ed89bd060e2632a982bfa2eb67","2025-02-13 11:58:20","Alan Donoso Naumczuk","test: Avoid using address(...).code so it does not use EXTCODECOPY unsupported zk opcode","","refs/heads/misc/restrict-namespace-registration-charset",""
"f1729d3118107007810b4b81cb4826d81fd5653c","2025-02-13 12:37:15","Alan Donoso Naumczuk","misc: .gitignore added forge cache","","refs/heads/misc/restrict-namespace-registration-charset",""
"5a78226c45c5147aa6827576ca9996204c83e7ba","2025-02-13 12:40:51","Alan Donoso Naumczuk","misc: Founding member check added to createGroupWithFeed too","","refs/heads/misc/restrict-namespace-registration-charset",""
"8bd53016241155589ba8887b2ffa333156fbeae9","2025-02-13 12:46:57","Alan Donoso Naumczuk","misc: Remove always-empty unassignAccountRuleProcessingParams from factory","","refs/heads/misc/restrict-namespace-registration-charset",""
"2559fae221546a9c2b6894eb0644ff0eaac0034c","2025-02-13 12:58:27","Alan Donoso Naumczuk","misc: Lens_LensCollectedPost_Transfer custom transfer event added","","refs/heads/misc/restrict-namespace-registration-charset",""
"4f478eedb5a543bd8cce333918e8a9025b8a3990","2025-02-13 15:19:48","Alan Donoso Naumczuk","fix: Source processing reworked - Diff keys for diff purposes, clearing source when needed","","refs/heads/misc/restrict-namespace-registration-charset",""
"1b9c5fdd1da0d8ba6ff0720c4269e2990583142b","2025-02-13 19:14:59","vicnaum","feat: PrimitiveFactories can only be called from LensFactory","","refs/heads/misc/restrict-namespace-registration-charset",""
"fed3bb98ef4feb4dbbf11ab2b8f4a87c0ed53af9","2025-02-14 14:15:21","Alan Donoso Naumczuk","feat: Expose entityType param on ExtraStorage and add it to the event","Co-authored-by: Victor Naumik <vicnaum@gmail.com>","refs/heads/misc/restrict-namespace-registration-charset",""
"1de68b8c31f923bd677bebb4028a4402183af0e7","2025-02-14 14:16:06","Alan Donoso Naumczuk","fix: Make Graph follow entity type to be different between followed accounts","Co-authored-by: Victor Naumik <vicnaum@gmail.com>","refs/heads/misc/restrict-namespace-registration-charset",""
"c72077922806228c6e4ca2430ec8297abcf14b7b","2025-02-14 14:27:15","Alan Donoso Naumczuk","fix: Graph::getFollowSource","","refs/heads/misc/restrict-namespace-registration-charset",""
"c46d057a46b22223e67ca76a500fb72d0fc2371c","2025-02-14 14:55:05","Alan Donoso Naumczuk","fix: When attemtping to store source but not found then clear source","Co-authored-by: Victor Naumik <vicnaum@gmail.com>","refs/heads/misc/restrict-namespace-registration-charset",""
"8a7c37b5300fb4025f7f167c76281e176ce9ac06","2025-02-14 15:51:17","Alan Donoso Naumczuk","feat: Namespace uses IOwnable and IAccessControlled to allow assigning usernames","","refs/heads/misc/restrict-namespace-registration-charset",""
"41142629750ee908bb031e1dd2739c0a41510044","2025-02-14 15:55:29","Alan Donoso Naumczuk","misc: Remove unused lib","","refs/heads/misc/restrict-namespace-registration-charset",""
"c921797520391e3187347ec997b73eadeb4c25b4","2025-02-17 19:51:07","Alan Donoso Naumczuk","misc: Comment fixed after condition change","","refs/heads/new-code-changes",""
"3a351217dd5e3017ea0ef876e8eda51f61d8ab6b","2025-02-17 20:00:49","Alan Donoso Naumczuk","fix: IAccountGroupAdditionSettings::canBeAddedToGroup as requirement","","refs/heads/new-code-changes",""
"b63069cd49002f267a85050f1425e19c28a217e6","2025-02-17 21:41:28","vicnaum","misc: update username char limit to be 255 instead of 256 for optimization reasons","","refs/heads/new-code-changes",""
"e84ac39381e712a199e7b4b3a28de51bd781b9fb","2025-02-17 21:42:15","vicnaum","misc: solady installed as node module","","refs/heads/misc/restrict-namespace-registration-charset",""
"ae221a148a01b6ccb23f756d3aa62057abe65a92","2025-02-17 21:43:05","vicnaum","misc: added restrictions to namespace name & nft name/symbol charset","","refs/heads/misc/restrict-namespace-registration-charset","misc/restrict-namespace-registration-charset"
"ec11f802a3c8168219dc3725c798562726ef6b70","2025-02-17 23:28:59","Alan Donoso Naumczuk","fix: Reset default group when removing groups","","refs/heads/new-code-changes",""
"4adeeac9e62035d062da41636c91d85fbdac4216","2025-02-18 12:56:03","Alan","Merge pull request #84 from lens-protocol/misc/restrict-namespace-registration-charset","misc/restrict-namespace-registration-charset","refs/heads/new-code-changes",""
"7610bcc08d7f34ca7b8fc505e182a8eb5945b5f6","2025-02-18 13:10:26","Alan Donoso Naumczuk","misc: Comment about canBeAddedToGroup when address is EOA added","","refs/heads/new-code-changes",""
"07b20097fb8cce052e4c29df602949c222b8beef","2025-02-18 15:09:02","vicnaum","misc: comments fixed","","refs/heads/new-code-changes",""
"7e31a1de169b5cd2381f4f8a9008ded5895c388c","2025-02-19 00:05:14","Alan Donoso Naumczuk","misc: Remove deprecated Namespace Rules","","refs/heads/new-code-changes",""
"a7ed29f572e17d01a722e4b22461b3904b0fad11","2025-02-19 00:09:52","Alan Donoso Naumczuk","misc: Restricted Signer rule (both Feed & Graph rule) removed because of deprecation","","refs/heads/new-code-changes",""
"67921341dd8c366a9cefd45ba108c8d59bd041df","2025-02-19 01:12:15","Alan Donoso Naumczuk","misc: Warnings removed (when compiling with hardhat)","","refs/heads/new-code-changes",""
"2c8df4d4c08749a4b4854d6c45c660481064594d","2025-02-19 01:33:28","Alan Donoso Naumczuk","feat: ExtraDataBased contract","","refs/heads/new-code-changes",""
"44c0e7628c4fb57a4cc5e09b3a3763f7c2f947d2","2025-02-19 01:33:58","Alan Donoso Naumczuk","feat: Integrated ExtraDataBased into Graph - Interface decision missing","","refs/heads/new-code-changes",""
"ca38e9cefc7419d477921f1e57330514ce563714","2025-02-19 12:35:19","vicnaum","misc: refactor AccessControlLib","","refs/heads/misc/refactor-ban-group-rule",""
"8ad379adf8f346593985b9963f0e675829b6c0c4","2025-02-19 12:38:09","vicnaum","misc: Added kick & ban functionality to ban() function","","refs/heads/misc/refactor-ban-group-rule","misc/refactor-ban-group-rule"
"dac83bf658e0720a90ca52da59d2ab698cea4827","2025-02-19 12:38:17","Alan Donoso Naumczuk","feat: requireAccess syntax sugar extended to allow passing contractAddress param","","refs/tags/latest-testnet",""
"1e6e75188394e261db739c09737da8d82b23ec55","2025-02-19 12:38:52","Alan Donoso Naumczuk","feat: GroupKicker integrated into BanMemberGroupRule itself as it will not be upgradeable","","refs/tags/latest-testnet",""
"1e07615c10453b55e31b0d153d71c10bf8073c6d","2025-02-19 12:45:55","Alan","Merge pull request #88 from lens-protocol/feat/batch-grant-revoke-roles","feat: add batch grantRoles and revokeRoles functions to RoleBasedAccessControl","refs/heads/new-code-changes",""
"a0dc17930c6b9892682c0942ad56a1753fc62ce7","2025-02-19 14:14:38","Alan Donoso Naumczuk","misc: Avoid duplicated setExtraData code by abstracting into ExtraDataBased","","refs/heads/new-code-changes",""
"f1d552be9397bd02ebed233adc263f46e033d783","2025-02-19 14:21:31","Alan Donoso Naumczuk","fix: Missing getter refactor","","refs/heads/new-code-changes",""
"803b3f79f7730ebc43bbe16acfaa369e4388b729","2025-02-19 14:24:11","Alan Donoso Naumczuk","misc: Missing getter in Namespace interface","","refs/heads/new-code-changes",""
"77ebce0d2b9cfd59e900a8f273de96daae6ca0a2","2025-02-19 14:28:16","Alan","Merge pull request #87 from lens-protocol/misc/generalize-extra-data","misc: Generalize extra data","refs/heads/new-code-changes",""
"ec2aa60e259cc89cd04a16d0dbc5d01abc64b24a","2025-02-19 16:40:42","vicnaum","feat: added batch grantRoles and revokeRoles functions to RoleBasedAccessControl","","refs/heads/feat/batch-grant-revoke-roles",""
"5240a444423b444dcd0d4213e88351e1ba72b400","2025-02-20 11:34:23","vicnaum","misc: added scripts to deploy & upgrade a single contract","","refs/heads/feat/batch-grant-revoke-roles","feat/batch-grant-revoke-roles"
"4a046f9e36613730a478aa47d93dc15c3a7fa81e","2025-02-20 11:35:21","Victor Naumik","Merge pull request #89 from lens-protocol/feat/batch-grant-revoke-roles","Feat/batch grant revoke roles","refs/heads/new-code-changes",""
"7450247c6024df7d8882fbc82e9838fc23cb8d8e","2025-02-20 14:55:31","vicnaum","misc: added compilation before deploy script","","refs/heads/new-code-changes",""
"a1af70dc4692fe9160eecf655e68361d1075e267","2025-02-20 14:55:40","vicnaum","misc: console log proxy address used","","refs/heads/new-code-changes","new-code-changes"
"7350b4a9700d1dc404b99272928dfa5c3a3a5158","2025-02-20 16:11:17","Alan Donoso Naumczuk","feat: EntityExtraDataBased added to abstract code on Namespaces and Feed entities extra data","","refs/tags/latest-testnet",""
"583e5e20c9374f4647428482130c0f9004840889","2025-02-20 16:18:19","Alan","Merge pull request #78 from lens-protocol/new-code-changes","Code improvement, fixes & tests","refs/tags/latest-testnet",""
"d338a978cf0a667db80a6e101e9038bd5de4668c","2025-02-20 16:22:27","Alan","Merge pull request #85 from lens-protocol/misc/refactor-ban-group-rule","misc: Refactor Ban group rule II","refs/tags/latest-testnet",""
"25f7451544b190122f864b633086ae262b846f8e","2025-02-21 15:47:19","vicnaum","On development: authorPostSequentialId fix","","refs/stash","refs/stash"
"2f4a6c7490e9558dca6541471e689e9c102f2a28","2025-02-21 15:47:19","vicnaum","index on development: d338a97 Merge pull request #85 from lens-protocol/misc/refactor-ban-group-rule","","refs/stash",""
"257d057f0c4e9e2ad33c8ae4dc5cd719c79b7f2f","2025-02-21 15:47:19","vicnaum","untracked files on development: d338a97 Merge pull request #85 from lens-protocol/misc/refactor-ban-group-rule","","refs/stash",""
"50cfd0c2d448071d741a7cf0520b953a4e107a1d","2025-02-23 18:02:33","Josh Stevens","fix: emit the account rule blocking events","","refs/tags/latest-testnet",""
"78377a87dffc235b36c54efee89865e68fe0961b","2025-02-23 18:56:41","Josh Stevens","fix: always emit metadata even if empty to match the other primitives","","refs/tags/latest-testnet",""
"db315024e0ade4e5ac45dc7014d5d7c09c57079b","2025-02-24 11:47:46","Josh Stevens","Merge pull request #90 from lens-protocol/fix/app-metadata","fix: always emit metadata even if empty to match the other primitives","refs/tags/latest-testnet",""
"11ad428087c98d5491ca333c3a3182f4d5a4a191","2025-02-24 13:44:14","Alan Donoso Naumczuk","feat: WhitelistedAddresses contract","","refs/heads/fix/author-seq-id",""
"ef52cf28124028a28bb6bf4b3c79814168058680","2025-02-24 15:22:25","Alan","Merge pull request #92 from lens-protocol/fix/author-seq-id","fix: Author Sequential ID","refs/tags/latest-testnet",""
"e70091342e923f6467d258c89b2c7895ad7cba25","2025-02-24 17:04:39","vicnaum","misc: account blocking rule refactored","","refs/heads/misc/account-blocking-rule-refactor","misc/account-blocking-rule-refactor"
"63139d275590c71338847e3b1219c003c437df5d","2025-02-24 17:09:07","Victor Naumik","Merge pull request #91 from lens-protocol/misc/account-blocking-rule-refactor","misc: account blocking rule refactored","refs/tags/latest-testnet",""
"ef97413b693be380541cd72392496a040e57ac90","2025-02-24 18:21:31","vicnaum","fix: AuthorPostCount & authorPostSequentialId fixed","Co-authored-by: Alan <donosonaumczuk@gmail.com>","refs/heads/fix/author-seq-id",""
"8f6793cd6d2b7328b8f05c0f2509095cff84a895","2025-02-24 19:15:19","vicnaum","fix: tests","Co-authored-by: Alan <donosonaumczuk@gmail.com>","refs/heads/fix/author-seq-id","fix/author-seq-id"
"bfabeaa7c734dbea6063db4e33a7bbe6ed97bfad","2025-02-24 19:23:41","vicnaum","misc: removed eventEmitters migration contracts","","refs/heads/upgrade/remove-event-emitter-and-fix-author-post-count","upgrade/remove-event-emitter-and-fix-author-post-count"
"f69ad21191cd7036e2dc4f076fb56acdea30ed8f","2025-02-25 12:20:49","Alan Donoso Naumczuk","misc: Upgrade1 - Discarded because of wrong base branch","","refs/heads/misc/upgrade1-discard","misc/upgrade1-discard"
"31bea0f32eb5088c0ff97a0f79787148c55d0f49","2025-02-25 22:10:04","vicnaum","upgrade: remove emitters, add whitelistedMulticall everywhere","","refs/heads/upgrade/remove-emitters-add-whitelisted-multicall-everywhere",""
"daf47c673f32f5bc05938e7a17e1853177cb8b58","2025-02-26 19:36:17","vicnaum","upgrade: deletePost added to feed, WhitelistedMultisig made upgradeable, upgrade scripts updated, addressbook synced with mainnet deployments","Co-authored-by: Alan <donosonaumczuk@gmail.com>","refs/heads/upgrade/remove-emitters-add-whitelisted-multicall-everywhere",""
"c087219392b8f5230d093d7c8074cfdaa963b37c","2025-02-27 14:44:08","Alan Donoso Naumczuk","feat: Batch add/remove member operations added to Group","","refs/tags/latest-testnet",""
"03173f2b20c37039527a0400bb683e22f61e884f","2025-02-28 13:26:38","Alan Donoso Naumczuk","feat: Add batch rejectMembershipRequests operation - for specific group and configSalt","","refs/tags/latest-testnet",""
"c9974747fbab45df2ca66ce955cb8fa3a8a622f6","2025-02-28 13:59:29","Alan Donoso Naumczuk","feat: Ban/Unban as batch operations added","","refs/tags/latest-testnet",""
"b69b52155dfe501bfa84ae882b539ee85f0d122e","2025-02-28 13:59:49","Alan Donoso Naumczuk","misc: Visibility warning removed","","refs/tags/latest-testnet",""
"6c8e1a75dc9c169a7b82960097e340f5c57a4856","2025-02-28 19:42:09","vicnaum","misc: Upgrade script implemented","Co-authored-by: Alan <donosonaumczuk@gmail.com>","refs/heads/upgrade/remove-emitters-add-whitelisted-multicall-everywhere",""
"621ae377cfff30d7433be6c49d9bbca4cc372bc4","2025-03-03 17:48:24","Alan Donoso Naumczuk","misc: Temporal fix to coverage report script","","refs/tags/latest-testnet",""
"1e94ecaa95a10965ed9be0c8651aac61d8219734","2025-03-04 01:27:38","Alan Donoso Naumczuk","test: BeaconProxy tested","","refs/tags/latest-testnet",""
"350e2658ac0bab990c16d0950820d24a8cc96a83","2025-03-04 01:28:01","Alan Donoso Naumczuk","test: Beacon test scenario added to raise it to full coverage","","refs/tags/latest-testnet",""
"54aef5a621a195e02e7da05646b3e6789197f35b","2025-03-04 01:28:21","Alan Donoso Naumczuk","test: Initalizable tested - Upgradeability folder coverage raised to 100%","","refs/tags/latest-testnet",""
"2ec77b651fcd9e8fcbb15f80fae570162b20032a","2025-03-04 13:14:57","Alan Donoso Naumczuk","misc: Skip test helper contracts from coverage","","refs/tags/latest-testnet",""
"61de509b8fe93d30e857ef34b3325560b839d9c6","2025-03-04 13:15:17","Alan Donoso Naumczuk","misc: script and command for filtered coverage report added","","refs/tags/latest-testnet",""
"aefc9dadc4c1e398aa7f0cd23d29e70e49dca374","2025-03-06 19:29:24","Alan Donoso Naumczuk","misc: allow_internal_expect_revert=true in foundry.toml","","refs/tags/latest-testnet",""
"ad7eaf754c92dfa6ea7507d737f8b21fb2822458","2025-03-06 20:50:38","Alan Donoso Naumczuk","misc: Tweaked comment regarding coverage report exclusion","","refs/tags/latest-testnet",""
"62e744a5e22fc621b9df9e509fd3a0a9951a8f43","2025-03-06 22:22:03","Alan Donoso Naumczuk","test: Tests added for Username assigning on controlled account - --zksync flag fails to build without reason","","refs/tags/latest-testnet",""
"c44d19977702f8a862b3fbd6ef30dd5ac287adbb","2025-03-06 22:38:26","Alan Donoso Naumczuk","fix: Potential fix to STATICCALL issue on Beacon Proxy","","refs/tags/latest-testnet",""
"a0bc9041451a1c7c5b12334e24f0eff5716b5260","2025-03-07 13:53:15","Alan Donoso Naumczuk","fix: Split Namespace tests in two in order to make --zksync compile them","","refs/tags/latest-testnet",""
"330834ba297b07723da9f0906056e21b5e224cbf","2025-03-07 13:54:12","Alan Donoso Naumczuk","fix: Tests with msg.value restricted value to 2^95 in order to avoid using defective vm.deal","","refs/tags/latest-testnet",""
"64fc0a91263b89de2ca60acfea0701e56c757bbc","2025-03-07 14:50:32","Alan Donoso Naumczuk","misc: --zksync test added to CI & Skip BeaconProxy::test_DelegateCall_AutoUpgradeDuringGetter_Fails","","refs/tags/latest-testnet",""
"1f78652ea517c53890e0292cd344c5d3c84b661c","2025-03-07 14:53:58","Alan Donoso Naumczuk","misc: Remove version from dutterbutter/foundry-zksync-toolchain@v1","","refs/tags/latest-testnet",""
"f928c56c4eb98432352a5d93bfd837a57c153d16","2025-03-07 15:11:04","Alan Donoso Naumczuk","misc: Avoid installing classic foundry & output foundry version","","refs/tags/latest-testnet",""
"53ca79eb2291e41803c54b3f84dd286c4f7a3e55","2025-03-07 15:30:23","Alan Donoso Naumczuk","misc: Temporaily reduce fuzzing runs to 1 when running on zksync environment","","refs/tags/latest-testnet",""
"b9bdb842440064b0cb4e1efdb306d1042067bb3d","2025-03-07 19:31:09","Alan Donoso Naumczuk","feat: BeaconProxy::proxy__getEffectiveImplementation added","","refs/tags/latest-testnet",""
"d38a5fe2392e7956aed555a44143a50ee47cff36","2025-03-10 14:16:26","Alan Donoso Naumczuk","misc: Disable ZKsync foundry until it does not panick anymore","","refs/tags/latest-testnet",""
"f44f8c6f46fb032db6a2beda991f30b60956429f","2025-03-10 14:21:20","Alan","Merge pull request #98 from lens-protocol/misc/zksync-foundry-ci","misc: Disable temporaily ZKsync foundry CI","refs/tags/latest-testnet",""
"d1af15655d7bdfa5d479e10caff61426ff13911b","2025-03-10 15:00:39","Alan Donoso Naumczuk","misc: MigrationFeed restricts post editing - msg.sender whitelisted + account -> nobody can call","","refs/heads/upgrade/remove-emitters-add-whitelisted-multicall-everywhere",""
"40750dce27c659e06555793aa85e0807f2264b57","2025-03-10 19:40:45","Alan Donoso Naumczuk","feat: Restritions added to Namespace username creation","","refs/heads/upgrade/remove-emitters-add-whitelisted-multicall-everywhere",""
"9f1f116121715ece3c308b336ba802ac40ab230a","2025-03-10 20:25:27","Alan Donoso Naumczuk","feat: Restrictions added to Lens Factory","","refs/heads/upgrade/remove-emitters-add-whitelisted-multicall-everywhere",""
"b3ef7735dbe62510960fc29d92c1fcf945ec8ec4","2025-03-10 20:27:58","Alan Donoso Naumczuk","misc: Edit test to avoid ZKsync foundry crashing & bring it back to the CI workflow","","refs/tags/latest-testnet",""
"59a70da72ace34933e2f577ebaccceca3f07b9f6","2025-03-11 10:55:07","Alan Donoso Naumczuk","Merge branch 'development' into fix/beacon-proxy","","refs/tags/latest-testnet",""
"c80f359cc470ea917636ffca3fd3377443d090df","2025-03-11 11:03:13","Alan Donoso Naumczuk","test: Tests fixed according new BeaconProxy impl","","refs/tags/latest-testnet",""
"944cf31f25ca928dfd19934affd88faf34fd63af","2025-03-11 11:37:49","Alan Donoso Naumczuk","feat: BeaconProxy event consistency","","refs/tags/latest-testnet",""
"cc3806c41c0e7be5ebf13491abcd6c31f980ae15","2025-03-11 17:10:04","Alan Donoso Naumczuk","misc: LegacyBeaconProxy with test added & BeaconProxy tests fixed","","refs/tags/latest-testnet",""
"d993d545a40b9d126f60fb454f9c9d23c0a8ffb9","2025-03-12 10:22:39","Alan Donoso Naumczuk","feat: BeaconProxy fixes - From PR #97 fix/beacon-proxy","","refs/heads/upgrade/remove-emitters-add-whitelisted-multicall-everywhere",""
"b1d22b6b5cabd3ba3dc4eaf7ccded867b3562045","2025-03-12 10:59:35","Alan Donoso Naumczuk","feat: Does not allow to do redundant opt-in/out from auto-upgrades","","refs/tags/latest-testnet",""
"3113c9bda2476bfc81a8273730d76c0daeab96f4","2025-03-12 11:15:08","Alan Donoso Naumczuk","test: Test fixed by adding vm.assume to missing pre-condition","","refs/tags/latest-testnet",""
"5343dede786bdfe7f550d4c166d91c0f42083795","2025-03-12 11:20:36","Alan Donoso Naumczuk","misc: Update BeaconProxy according new change at PR #97","","refs/heads/upgrade/remove-emitters-add-whitelisted-multicall-everywhere",""
"5dc3382313f8a7210a4e9a4cc10f5d013d427c33","2025-03-12 11:27:27","Alan","Merge pull request #97 from lens-protocol/fix/beacon-proxy","fix: STATICCALL issue on Beacon Proxy","refs/tags/latest-testnet",""
"01fd76908d951c90af3a4d3f0183a78b26f105f4","2025-03-12 11:42:41","Alan Donoso Naumczuk","feat: Ability to add extra whitelisted addresses to multicall by saving them into multicall storage","","refs/heads/upgrade/remove-emitters-add-whitelisted-multicall-everywhere",""
"859e160f8ac2b3261dad58c8f7ba3aea0accf524","2025-03-12 11:44:09","Alan","misc: Missing space in docs","Co-authored-by: Bigint <69431456+bigint@users.noreply.github.com>","refs/heads/upgrade/remove-emitters-add-whitelisted-multicall-everywhere",""
"803f91cdb71f3bffd5f475e79a082c3937e05471","2025-03-12 11:47:25","Alan Donoso Naumczuk","misc: Typo 'overridden'","","refs/heads/upgrade/remove-emitters-add-whitelisted-multicall-everywhere",""
"3fde35a9e5617b5c8cb1cf31cf32e6118a1a2827","2025-03-12 12:51:27","Alan Donoso Naumczuk","misc: Deploy docs","","refs/heads/upgrade/remove-emitters-add-whitelisted-multicall-everywhere",""
"ba50cad6bb20010c2cbcf28f1f43e55af93546cb","2025-03-12 18:54:50","vicnaum","upgrade: Mainnet Upgrade1 preparations and scripts","Co-authored-by: Alan <donosonaumczuk@gmail.com>","refs/heads/upgrade/remove-emitters-add-whitelisted-multicall-everywhere",""
"0621f3c78a8ff3ae3996359ef29157c83918ba5c","2025-03-12 20:42:32","vicnaum","upgrade: Upgrade1 executed","","refs/heads/upgrade/remove-emitters-add-whitelisted-multicall-everywhere",""
"9374af34fb6982bf7d302fb76936ce7a26436815","2025-03-13 12:10:14","vicnaum","feat: postAuthor added to ActionHub events","","refs/tags/latest-testnet",""
"860f62a0204ec1958dd603e1cfa3274dcab6bc0e","2025-03-13 12:22:24","Alan","Merge pull request #99 from lens-protocol/feat/postAuthor-in-actionHub-events","feat: postAuthor added to ActionHub events","refs/tags/latest-testnet",""
"75ce27e828c729f1641ffefc14eab0309728a454","2025-03-13 13:45:16","Alan Donoso Naumczuk","feat: SourceStamp processing added to ActionHub + included in events","","refs/tags/latest-testnet",""
"53a6c9fc25630faa363881c5cda9abaf73660dae","2025-03-14 21:11:08","vicnaum","fix: upgrade1 hotfixes","","refs/heads/upgrade/remove-emitters-add-whitelisted-multicall-everywhere","upgrade/remove-emitters-add-whitelisted-multicall-everywhere"
"504706289c5c1bfbbec05bcadaa5559751497c09","2025-03-15 00:45:28","Alan Donoso Naumczuk","misc: MigrationLensFactory access fixed & addressBook updated","","refs/tags/latest-mainnet",""
"8906134aa75c037ea3102f4b91dbe78c0038894a","2025-03-17 14:11:22","Alan Donoso Naumczuk","misc: deployments-zk","","refs/tags/latest-mainnet","tag: upgrade1-mainnet, tag: latest-mainnet"
"15f68fcea515e4b4e851c2bbe038a966014c2d38","2025-03-18 20:57:44","vicnaum","misc: Rules and Actions deploys made upgradeable","","refs/tags/latest-testnet",""
"30d1add46d869e01a254b390bc308566eb2e8c7e","2025-03-19 00:33:55","Alan Donoso Naumczuk","feat: AdditionRemovalPidGroupRule added","","refs/tags/latest-testnet",""
"b8c9296ec64ec8ebd1f3f44621b5a2c71d90bdb1","2025-03-19 00:34:52","Alan Donoso Naumczuk","feat: Group code refactored - PIDs removed in favour of new rule - Code abstraction for add/remove","","refs/tags/latest-testnet",""
"dbd1963d576f93a8738f9dbbb68af02058111b1f","2025-03-19 00:35:37","Alan Donoso Naumczuk","feat: AdditionRemovalPidGroupRule as default for Group deployments","","refs/tags/latest-testnet",""
"b7126421bdc0085be0326e6a44302b51675846b8","2025-03-19 00:35:59","Alan Donoso Naumczuk","misc: Code changes after AdditionRemovalPidGroupRule-related changes","","refs/tags/latest-testnet",""
"09e7c01067b92fa799892a162e81e70fd5e8cae0","2025-03-19 12:33:31","Alan Donoso Naumczuk","fix: Stack too deep by adding factories and rules constructor params to LensFactory","","refs/tags/latest-testnet",""
"5b793845667a2c5e08634258a590c086a13c4524","2025-03-19 12:35:59","Alan Donoso Naumczuk","misc: Bring calldata back for KeyValueLib","","refs/tags/latest-testnet",""
"3412476dc6bfbbda8930b329612f1b12bdf94888","2025-03-19 12:59:47","Alan Donoso Naumczuk","misc: Missing refactor abstraction for Group::removeMember","","refs/tags/latest-testnet",""
"8390f334f168b77f23b1ed835f8b8c965f6139b6","2025-03-19 13:12:48","Alan Donoso Naumczuk","misc: rule test deployments uri has rule name for better debugging process","","refs/tags/latest-testnet",""
"872fff1cab02d8bb435feef98a640dd55b47fbc9","2025-03-19 13:27:38","Alan Donoso Naumczuk","test: Group tests updated after changes","","refs/tags/latest-testnet",""
"a81221af9d155d34265fcac33f787deffdec14db","2025-03-19 14:22:37","Alan Donoso Naumczuk","feat: Account allows itself to add to group","","refs/tags/latest-testnet",""
"695c73a9435319b4e68f33a7eaa5f53784db8cad","2025-03-19 14:23:07","Alan Donoso Naumczuk","fix: LensFactory now prepares rules properly when createGroupWithFeed","","refs/tags/latest-testnet",""
"f2471273083507cd2d408422f8d08298494577e3","2025-03-19 14:36:03","Alan","Merge pull request #102 from lens-protocol/feat/add-remove-pid-group-rule","feat: Add/Remove member PID discarded in favour of Group Rule","refs/tags/latest-testnet",""
"ac41d9f2133938cfa5179c8163b3492323cade8d","2025-03-19 14:59:02","Alan Donoso Naumczuk","feat: TokenGatedGroupRule - Deprecate processRemoval ability & add processAddition","","refs/tags/latest-testnet",""
"408229c9d5233baee03391e7f6e72aa9e6225374","2025-03-19 15:10:53","Alan Donoso Naumczuk","misc: IGroupRule warn notes do not apply anymore","","refs/tags/latest-testnet",""
"981f100ce51a50e8bcfd6e8e396f8fb75a316cf7","2025-03-19 15:24:30","Alan Donoso Naumczuk","fix: BanMemberGroupRule - take into account ban state on processAddition","","refs/tags/latest-testnet",""
"2f4a7f557cfa27773b92e09d46937e5a5ec1c7fe","2025-03-19 15:28:54","Alan Donoso Naumczuk","feat: Allow processAddition on SimplePaymentGroupRule","","refs/tags/latest-testnet",""
"becdf5da188e712638511a76399d79d1437b1609","2025-03-19 16:16:35","Alan","Merge pull request #103 from lens-protocol/feat/group-rule-tweaks","feat: Group rule tweaks","refs/tags/latest-testnet",""
"821763088affce4266802aca7b6b4262ad501c3f","2025-03-19 18:40:25","Alan Donoso Naumczuk","Merge branch 'development' into misc/make-rules-and-actions-upgradeable","","refs/tags/latest-testnet",""
"68f9f61f6ac1d593e1fb51a999cf2c60624ea77c","2025-03-19 19:40:02","Alan Donoso Naumczuk","chore: Deploy scripts updated","","refs/tags/latest-testnet",""
"e01274aa94f1f77afb9821d40810e61f950d9449","2025-03-19 19:55:13","Alan Donoso Naumczuk","misc: Warnings removed","","refs/tags/latest-testnet",""
"145f9031186f1e09a05d3e61b9da824b304a902f","2025-03-19 19:55:47","Alan Donoso Naumczuk","feat: _initialize added to OwnableMetadataBasedPostAction and OwnableMetadataBasedAccountAction","","refs/tags/latest-testnet",""
"f0d6ffd60a5f4be4978fa68544a6760e827c8aa3","2025-03-19 20:07:01","Alan Donoso Naumczuk","feat: Initializer added to actions (post tipping, account tipping,  and collect)","","refs/tags/latest-testnet",""
"4fba68de6d52b7e8276d01cd5de2af1e388edf65","2025-03-19 21:03:09","Alan Donoso Naumczuk","feat: Initializers added to all rules","","refs/tags/latest-testnet",""
"647f17c86dc2189ccdac3fea4c55523f5e41ee10","2025-03-19 21:49:29","Alan Donoso Naumczuk","chore: Deploy scripts now initialize rules and actions","","refs/tags/latest-testnet",""
"7823f26c81fcb6f1d0c20d8dcf629cc035dc19b1","2025-03-20 02:09:00","Alan Donoso Naumczuk","feat: All rules' storage is now using computed storage slot pattern","","refs/tags/latest-testnet",""
"a0c64364526ae0517589ddf9c40bb6b10f6bc228","2025-03-20 03:33:30","Alan Donoso Naumczuk","misc: New testnet deployment done","","refs/tags/latest-testnet",""
"d614131a1ececf0a06fccab3d60674808f95a969","2025-03-20 14:38:27","Alan","Merge pull request #104 from lens-protocol/misc/make-rules-and-actions-upgradeable","misc: Rules and Actions deploys made upgradeable","refs/tags/latest-testnet",""
"5ed10d6fec50a2e52148bbfad9fc46009f2c2c22","2025-03-21 16:21:03","Alan Donoso Naumczuk","feat: LensCreate2 contract added for transaprent proxies","Co-authored-by: Victor Naumik <vicnaum@gmail.com>","refs/tags/latest-changelog",""
"1e5b255180f306d04bc28dc6f929adddc4864edd","2025-03-21 17:08:35","Alan Donoso Naumczuk","misc: Refactoring the isZkEvm to actually work : )","Co-authored-by: Victor Naumik <vicnaum@gmail.com>","refs/tags/latest-changelog",""
"c8274c19190ab34bfd52026841bb7bfd82bd7381","2025-03-21 17:32:26","Alan","Merge pull request #105 from lens-protocol/feat/create2","feat: LensCreate2 contract added for transaprent proxies","refs/tags/latest-changelog",""
"0a936d52f1f2573946629d1c4520f9e9d3307e72","2025-03-23 15:43:44","kualta","feat: update group gated feed rule to support optional replies restriction","","refs/tags/latest-changelog",""
"994dc1f867bfdc989bf5199dfd326d1450096e3c","2025-03-24 13:55:16","Alan Donoso Naumczuk","chore: LensCreate2 deploy script","Co-authored-by: Victor Naumik <vicnaum@gmail.com>","refs/tags/latest-testnet",""
"36da71f788ead5e2914ce4e735ee67cf16bc7c84","2025-03-24 14:08:53","Alan Donoso Naumczuk","Merge branch 'development' into chore/lens-create2-script","","refs/tags/latest-testnet",""
"1408721b0002dbc6b3a561cd5a2146677a36c69c","2025-03-24 14:15:14","Alan","Merge pull request #106 from kualta/group-gated-restrict-replies","feat: update group gated feed rule to support optional replies restriction","refs/tags/latest-changelog",""
"52ac65194a596f848a941624489b1fff832a9931","2025-03-24 14:47:21","Alan Donoso Naumczuk","misc: Remove deprecated hardhat test","","refs/tags/latest-changelog",""
"1b413299f7478b76f7932ba4b980ff1b50dd3ebd","2025-03-24 14:48:28","Alan Donoso Naumczuk","feat: GroupGatedFeedRule - Replies restricted by default, redundant checks removed, and code styling changes","","refs/tags/latest-changelog",""
"991b2ba6eef4fe66cdf514343df3bd3b4e637375","2025-03-24 15:20:47","Alan Donoso Naumczuk","misc: LensFactory updated to include  param for createGroupWithFeed function","","refs/tags/latest-changelog",""
"45fcbccc60f5ba8cf5f0d6acfb039da905090c37","2025-03-24 15:35:21","Alan Donoso Naumczuk","misc: Struct importable and test fixed","","refs/tags/latest-changelog",""
"3abbda852d1a048806cfcef5f44cc9f4eba049e0","2025-03-24 15:55:57","Alan Donoso Naumczuk","test: testCreateGroupWithFeed asserts against feed rules","","refs/tags/latest-changelog",""
"a6318e17dbe586b2a0da923044e143c1fb34de9d","2025-03-24 15:59:53","Alan Donoso Naumczuk","misc: Commented out unused param","","refs/tags/latest-changelog",""
"4b2e2f885e06ff489bdafd268c91fa0f4b1074ce","2025-03-24 16:16:46","Alan","Merge pull request #108 from lens-protocol/feat/group-gated-feed-restriction-tweak","feat: Group-gated Feed Rule - restriction tweak","refs/tags/latest-changelog",""
"697cd64b156c653b980307e67308987031120df3","2025-03-25 13:23:19","Alan Donoso Naumczuk","fix: Group allows to add any founding member - still gated by msg.sender on the Factory","","refs/tags/latest-changelog",""
"94a956c5e6aea19c7855160e25817c89d1179b0c","2025-03-25 14:20:46","Alan Donoso Naumczuk","feat: Approach to foundingMember improved using initializer (compared to commit 697cd64)","","refs/tags/latest-changelog",""
"f2e3177c9240d409f4e432f71be8d4dbf783b699","2025-03-25 17:09:55","Alan Donoso Naumczuk","feat: LensFees and LensPaymentHandler added","","refs/tags/latest-changelog",""
"f6cc571a4c1ca3dd34d4ebac844a9f0c1cd39b55","2025-03-25 17:11:05","Alan Donoso Naumczuk","feat: LensFees on base action & LensPaymentHandler integrated to Collect action","","refs/tags/latest-changelog",""
"d4aa3604a2a0f21f25a8e58f0d4e6082473f1f99","2025-03-25 17:11:34","Alan Donoso Naumczuk","feat: LensPaymentHandler integrated into simple payment Rules","","refs/tags/latest-changelog",""
"9e0357e20b899fa54e37764386d75974517471a9","2025-03-25 17:16:32","Alan Donoso Naumczuk","fix: Hashed computed constant","","refs/tags/latest-changelog",""
"535e9d2f188c9e65e49fbfa29ea38b01255b9d11","2025-03-26 13:44:45","Alan Donoso Naumczuk","misc: Revert computed key to lens.param.referralFee","","refs/tags/latest-changelog",""
"301ef968f1c0cd17dfe7183b3f5378a7c1f42b95","2025-03-26 14:53:47","Alan Donoso Naumczuk","feat: Properly added referrals to SimplePaymentFollowRule","","refs/tags/latest-changelog",""
"e340754d772d0dfb4527f0baa1bcb0091a3ba4f4","2025-03-26 14:53:58","Alan Donoso Naumczuk","misc: Removed blank line","","refs/tags/latest-changelog",""
"afc63220988d93e65981a4b8c8920badd7a7a8f1","2025-03-26 16:31:59","Alan Donoso Naumczuk","feat: Referrals added to tipping actions (up to 20.00%)","","refs/tags/latest-changelog",""
"31e376cc42e77701bf162dca30479ed2cab385ec","2025-03-26 18:02:46","vicnaum","fix: Account couldn't send money (selector presense was always assumed for Groups/Graphs fix)","","refs/tags/latest-changelog",""
"3c0535be269e3dfef49330676bc0465a42e4a797","2025-03-26 18:07:51","Alan","Merge pull request #109 from lens-protocol/feat/referrals","feat: Referrals on Rules and Actions","refs/tags/latest-changelog",""
"9831a73389fe00c87cdeb47f34cb1285e784d40c","2025-03-26 18:13:35","vicnaum","fix: Account couldn't send money via Manager fixed (same issue as above)","","refs/tags/latest-changelog",""
"d0f65c49aae2263af25655a45425dc1da97336e7","2025-03-26 18:25:40","Alan Donoso Naumczuk","Merge branch 'development' into fix/account-selector","","refs/tags/latest-changelog",""
"de19d6c3cbe72d390197474a76a0b78c2f302f07","2025-03-26 18:33:22","Alan Donoso Naumczuk","misc: Magic number replaced by SELECTOR_BYTE_LENGTH constant","","refs/tags/latest-changelog",""
"a2df61d83506944f0fa89e23f9e69bbce0cbcdad","2025-03-26 18:44:24","Alan","Merge pull request #110 from lens-protocol/fix/account-selector","fix: Account executeTransaction with data.length < 4","refs/tags/latest-changelog",""
"852c7f7fb753f17f5ee98e21c5914330d1410710","2025-03-27 22:38:57","Alan Donoso Naumczuk","chore: Exclude ZkTest test helper from coverage","","refs/tags/latest-changelog",""
"a8cce87884f97d7c67187f606351aea841d19d5a","2025-03-27 22:43:36","Alan Donoso Naumczuk","misc: Remove unused code","","refs/tags/latest-changelog",""
"46e39700bed0c4ec6f6d14dff02f69e609f23baf","2025-03-27 23:29:55","Alan Donoso Naumczuk","test: set/get metadata URI tests added for primitives","","refs/tags/latest-changelog",""
"956d7eb170d18a3614b9dffb3d2eb79be5711ed4","2025-03-28 11:51:31","Alan Donoso Naumczuk","Merge branch 'development' into chore/lens-create2-script","","refs/tags/latest-testnet",""
"db57031f5aaa51cb7206cc3c600189277565e4f6","2025-03-28 17:10:51","vicnaum","misc: Compilation configs made more explicit for exact bytecodes match between Hardhat and Foundry","","refs/tags/latest-testnet",""
"7a023d401534e8947ef01f60b6c0c9fea02db780","2025-03-28 17:11:09","vicnaum","misc: A script to compare Hardhat VS Foundry bytecodes on all contracts","","refs/tags/latest-testnet",""
"1126b2c6f2f299812b5d985bb4fb69fa1cc42080","2025-03-28 19:13:04","vicnaum","misc: LensCreate2 made Ownable","","refs/tags/latest-testnet",""
"76aa8ad9602af30ddc95c6714f926e68351dce83","2025-03-28 19:13:28","vicnaum","misc: Deploy script for LensCreate2","","refs/tags/latest-testnet",""
"2c6bdc3a8940ebd8324e905546e84cfbff1df14f","2025-03-28 19:13:50","vicnaum","misc: package.json updated to be more explicit","","refs/tags/latest-testnet",""
"64bd0b4d73019a871b55529ff2b420ad067fa085","2025-03-28 20:12:03","vicnaum","test: LensCreate2 tests updated","","refs/tags/latest-testnet",""
"5af01c78abf0b7d4bd659b4cd81f43d57db3bd1a","2025-03-29 03:07:33","Alan Donoso Naumczuk","misc: Account Beacon new version released on testnet - AddressBook updated","","refs/tags/latest-changelog",""
"5edc521c4d18e2464b3b3a49e3492df5eeafbd70","2025-03-29 03:08:17","Alan Donoso Naumczuk","misc: renamed main AddressBook so we are forced to choose which AddressBook to use","","refs/tags/latest-changelog","tag: latest-changelog"
"8bdfecfb4b7309e5d6bf70d7337d42e588b46626","2025-03-31 11:31:57","Josh Stevens","lens mainnet deploy config","","refs/tags/latest-testnet",""
"e8121355ea1c02a98eeb5e2093bef4d9b49f0eb1","2025-03-31 15:23:57","vicnaum","fix: Account fix (can't sent funds)","","refs/remotes/origin/upgrade/mainnet-upgrade1",""
"cce62afe6a4bc66968962329bc2001f1ae77ae69","2025-03-31 16:12:14","Alan Donoso Naumczuk","misc: Ignore local deployments on git","","refs/tags/latest-testnet",""
"aff370beb1eff6129a5e531a809ebc5e5b07a829","2025-03-31 16:13:20","Alan Donoso Naumczuk","feat: LensCreate2 final impl","","refs/tags/latest-testnet",""
"a57f24673d25c74569dc29e0fd0a822a35c93119","2025-03-31 16:13:49","Alan Donoso Naumczuk","test: LensCreate2 tests improved","","refs/tags/latest-testnet",""
"af060908688718c986165e904c058fdf4addd29a","2025-03-31 16:14:10","Alan Donoso Naumczuk","misc: Deploy script for create2 improved a bit","","refs/tags/latest-testnet",""
"648c9f8c06312ee7b12b9f99b4e2410b36e1a7d9","2025-03-31 17:26:21","Alan Donoso Naumczuk","misc: Deploy LensCreate2 script done with upgradeability and initializatoin","","refs/tags/latest-testnet",""
"1ee7ca81040991e4791ee43cd350ce254dbe6cad","2025-03-31 17:40:01","Alan","Merge pull request #107 from lens-protocol/chore/lens-create2-script","chore: LensCreate2 deploy script","refs/tags/latest-testnet",""
"57af49f2f3382a95f0f99eb191544e5616b0588b","2025-03-31 17:40:29","Alan","Merge pull request #111 from lens-protocol/misc/actionHub-returns","misc: ActionHub returns to Actions constructors","refs/tags/latest-testnet",""
"ac49ab581962ceb4576a5572934ba5d82366de71","2025-03-31 19:09:56","Alan Donoso Naumczuk","misc: Helper test_calculateAddress added on LensCreate2 test","","refs/tags/latest-testnet",""
"6666ad3e7523949db7c2047f13dd374577a8455b","2025-03-31 20:54:00","vicnaum","misc: deployment script draft","","refs/tags/latest-testnet",""
"4b03a4590b55f8f467a1060f3f9c0b795be33a30","2025-03-31 20:55:55","vicnaum","misc: EmptyImplementation","","refs/tags/latest-testnet",""
"e2e855ee3ca99b35057a95c39665bb54c4b8483d","2025-03-31 22:03:11","vicnaum","misc: ActionHub returns to Actions constructors","","refs/tags/latest-testnet",""
"fae776d6d81df90f343c9d74ac78b8291908fe1f","2025-04-01 12:05:58","Alan Donoso Naumczuk","feat: Spend timelock removed from Account","","refs/tags/latest-testnet",""
"eeadbc6c9a6dbd75c04b5343c646ebace59f9aac","2025-04-01 14:05:56","Alan Donoso Naumczuk","feat: Reserved username rule added by default when deploying namespaces","Co-authored-by: Victor Naumik <vicnaum@gmail.com>","refs/tags/latest-testnet",""
"3d659363311adb34bb455216c4ff609788edab28","2025-04-01 14:29:16","Alan","Merge pull request #112 from lens-protocol/fix/LensFactory-new-usernameReserved-default-rule","fix: LensFactory getRules() return new UsernameReserved rule","refs/tags/latest-testnet",""
"b3cf5930f7c3f488c784eb881dc6c89499f88a72","2025-04-01 15:57:29","Alan Donoso Naumczuk","misc: New version for Group released on testnet","","refs/tags/latest-testnet",""
"3ca964eae3a444a657f155bf75ba4d58f0122fde","2025-04-01 16:19:23","Alan","Merge pull request #113 from lens-protocol/deploy/lens-create-2-testnet","deploy: LensCreate2 deployed on Testnet","refs/tags/latest-testnet",""
"b74012d9821c208d5f98e8ca06757327aaa7427e","2025-04-01 17:25:18","Alan Donoso Naumczuk","fix: Constructor added to LensFees","","refs/tags/latest-testnet",""
"0e9ff2a42147aaa482c78ee3a727ddee54f87c34","2025-04-01 17:30:36","Alan Donoso Naumczuk","deploy: LensFees deployed to Testnet using LensCreate2","","refs/tags/latest-testnet",""
"66eec7e88f558d5347b0d840c2d74ba056223dfb","2025-04-01 19:08:00","vicnaum","deploy: MigrationNamespace added transferFrom override","","refs/remotes/origin/upgrade/mainnet-upgrade1","origin/upgrade/mainnet-upgrade1"
"542b69df756aa849d00c7e23f565d859a0c931ee","2025-04-01 19:13:34","vicnaum","fix: LensFactory getRules() return new UsernameReserved rule","","refs/tags/latest-testnet",""
"4bc719d105e233eb8963419fcb28ac4d16963291","2025-04-01 20:00:30","vicnaum","deploy: LensCreate2 deployed on Testnet","","refs/tags/deploy/lensCreate2-testnet","tag: deploy/lensCreate2-testnet"
"899b4bc6b4e75c9ca209664eb0da9813653d47a8","2025-04-01 22:34:17","vicnaum","deploy scripts updated","","refs/tags/latest-testnet",""
"2f5bfe5018f3dd7040078fdc13d65bdd6e65c932","2025-04-01 22:35:17","vicnaum","misc: upgrade multiple files at once script","","refs/tags/latest-testnet",""
"795294eac1a5aecee87dbf51838f71c9dad167a1","2025-04-01 22:37:27","vicnaum","deploy: testnet ActionHub, GroupFactory, LensFactory upgraded","","refs/tags/latest-testnet",""
"78a116523b0ed66c681f76eae8f1c129afe6e347","2025-04-01 22:37:45","vicnaum","misc: yarn scripts updated","","refs/tags/latest-testnet",""
"be7e7dfb67dd3bcb672643accb39eae11d396db4","2025-04-01 22:38:26","Alan Donoso Naumczuk","deploy: Account new version released to testnet","","refs/tags/latest-testnet",""
"667c425d71386bbf60b9b118fad51b0a564c27c3","2025-04-02 00:20:10","Alan Donoso Naumczuk","misc: Scripts to deploy impl and upgrade transparent proxy + upgrade rules script","","refs/tags/latest-testnet",""
"b78201edcf7e1326103b2a66acafed2deee545bc","2025-04-02 00:20:57","Alan Donoso Naumczuk","fix: Wrong address import for LensCreate2 constant on LensPaymentHandler","","refs/tags/latest-testnet",""
"7e5ec0b7266cb1f1a50adde8a98435e24b5648f9","2025-04-02 00:30:55","Alan Donoso Naumczuk","deploy: All rules upgraded on testnet","","refs/tags/latest-testnet",""
"f6a7d1c6b5a6fa56ec6cf3ad5568c480a269cbe4","2025-04-02 00:31:16","Alan Donoso Naumczuk","misc: contracts.env renamed to contracts.mainnet.env","","refs/tags/latest-testnet",""
"3c7d283bed8498cda3bdc561bb805da63c5f311b","2025-04-02 00:40:50","Alan Donoso Naumczuk","misc: Scripts to upgrade all actions added","","refs/tags/latest-testnet",""
"c268dd532ff4e572de54af45a77939b90c467bff","2025-04-02 00:41:01","Alan Donoso Naumczuk","deploy: All actions upgraded on testnet","","refs/tags/latest-testnet",""
"cf155145ff54a1310d203bb868bf9e065ec65302","2025-04-02 15:27:28","Alan Donoso Naumczuk","misc: LensCreate2 contract addresses predictor on tests","","refs/heads/development",""
"c821144b21ae1e3ebe05bd8d0e37d20326c03935","2025-04-02 18:53:36","vicnaum","misc: mainnet addressbook updated to proper","","refs/heads/development",""
"162a02d4402d2f8c021aa87d2bbd2ff1bba74abb","2025-04-02 19:09:46","vicnaum","deploy: LensCreate2 deployed on mainnet","","refs/heads/development",""
"7898699d809f5eb8ecc5aca5c689119e6b7bda10","2025-04-02 19:59:08","Alan Donoso Naumczuk","misc: ABIs regenerated","","refs/tags/latest-testnet","tag: latest-testnet"
"a8f1c01f70d93166401ece95ea085263ba2a557c","2025-04-02 21:07:47","Alan Donoso Naumczuk","misc: Namespace_SetNameAndSymbol script added - tx executed","","refs/heads/development",""
"677e7f62544a94113054e3a1bfeecad8f0b70a5b","2025-04-02 22:04:02","vicnaum","misc: deployManyWithCreate2 script added","","refs/heads/development",""
"d0c98f7530408e61f549e43dc706c11c5d2533b4","2025-04-02 22:05:00","vicnaum","deploy: MAINNET: ActionHub, LensFees, all Actions and Rules deployed as LensCreate2 proxies","","refs/heads/development",""
"cab2c387049f106a09535be585c11a2c86d1e36d","2025-04-03 01:34:13","Alan Donoso Naumczuk","misc: ConfigurePrimitiveRules script added","","refs/heads/development",""
"1175b7b2968644dcb25ef3041ee075bcc8cd5d65","2025-04-03 15:36:46","Alan Donoso Naumczuk","misc: Console logs fixed on foundry scripting","","refs/heads/development",""
"714676668a414ae445e9cd86673ea0ef635c5f0e","2025-04-03 16:32:27","vicnaum","misc: upgrade scripts for beacons and transparentproxies","","refs/heads/development",""
"2a543f794d0f8baf5faabb2ecb83d114d0f4a737","2025-04-03 16:52:54","vicnaum","misc: scripts and minor upgrade scripts fixes","","refs/heads/development",""
"c1ce1fbc7059ad241f21669362c201e204df3481","2025-04-03 20:38:50","Alan Donoso Naumczuk","misc: Scripts added for setting ACs and changing rules","","refs/heads/development",""
"5d05b57dce56cd3eccb9efec0188242d867d72a9","2025-04-04 10:25:59","Alan Donoso Naumczuk","deploy: Lens Protocol upgraded to official Lens V3 on Lens Chain Mainnet","","refs/heads/development",""
"bbe1af96faae6ff9cf72c27c27ef731a452cc9d1","2025-04-04 11:05:36","Alan Donoso Naumczuk","misc: MultiPoke script added","","refs/heads/development",""
"310709d7e3488c8d9cc6ef968369a7cca375fbc8","2025-04-04 14:23:42","Alan Donoso Naumczuk","misc: ABIs updated","","refs/heads/development",""
"8dc45140ebe214e054a1dc881bd3e48e8f467f03","2025-04-08 11:48:52","Alan Donoso Naumczuk","misc: Audits added","","refs/heads/development",""
"8c0479e8de5071e640e659a1e592a65fae502280","2025-04-16 01:08:51","Alan Donoso Naumczuk","feat: Two approaches for ProxyAdminForOwnable","","refs/remotes/origin/feat/proxy-admin-for-ownable",""
"b3b536add8d236c7ae61525330c7dd8d160c0b8a","2025-04-16 01:13:59","Alan Donoso Naumczuk","feat: Third approach for ProxyAdminForOwnable","","refs/remotes/origin/feat/proxy-admin-for-ownable",""
"4a2debb319f5baced84bb37a4e37cbb24c3033a0","2025-04-21 18:46:36","Alan Donoso Naumczuk","feat: Function to increase/decrease allowance added in Account","","refs/heads/development",""
"ab634027175b35b4ebc933163c0cc13c870079d8","2025-04-25 00:01:02","Alan Donoso Naumczuk","misc: Files affected by Account constructor updated","","refs/heads/development",""
"0a0f4ab60bbd8fbbef8f59a7029bf26868088791","2025-04-25 00:01:28","Alan Donoso Naumczuk","feat: Improvements in the Account transaction execution flow structure","","refs/heads/development",""
"8e788d5946bd0223bfa6b8c0237510b89427c8e3","2025-04-29 16:44:44","Alan Donoso Naumczuk","feat: Account's _handleSpecificSelectorLogicBeforeCall implemented - custom logic for well-known selectors","","refs/heads/development",""
"7c431ce1c949bf21e449fb802c8289763b06b694","2025-04-29 17:05:46","Alan Donoso Naumczuk","feat: abiDecodeForKnownSelectorHelper updated to support more selectors","","refs/heads/development",""
"dd780e19caf526793c99900ef95d0a5202f92e72","2025-04-29 17:08:45","Alan Donoso Naumczuk","feat: _handleSpecificSelectorLogicBeforeCall uses abiDecodeForKnownSelectorHelper for try-catch approach on new selectors","","refs/heads/development",""
"03b4a4d2f4f4d74b2ebc02ca3e4a2cedf383e3cf","2025-04-29 17:55:34","vicnaum","misc: ChangeAC contract deployment and scripts","","refs/tags/changeACs","tag: changeACs"
"1bdf80b7e52d9078a66a247abbbe4e99ba17f5f3","2025-04-29 17:59:13","vicnaum","misc: deployment scripts improved","","refs/heads/development",""
"5fc03580e0f76f85f1851c928d99096998094e48","2025-04-29 18:00:42","vicnaum","cleanup: migration tests removed","","refs/heads/development",""
"a374f291cb5c846c2b8c07429f898a0e8a9ec570","2025-04-29 18:10:51","vicnaum","mics: Migration cleanup","","refs/heads/development",""
"b8efc6a3253e917855edf4aaaaafeadeec1af703","2025-04-29 18:14:06","vicnaum","test: fork testing mode added to BaseDeployment","","refs/heads/development",""
"5e8c0a70511e73e5ed4acee3db156bf9fcd618dd","2025-04-29 18:15:36","vicnaum","misc: misc scripts","","refs/heads/development",""
"a76bd3550ec3a9f899275bedab46650270c73d52","2025-04-29 18:16:34","vicnaum","misc: scripts out dir removed from gitignore","","refs/heads/development",""
"6936dffca960da14975333686ac663318025ca73","2025-04-29 18:16:51","vicnaum","misc: some aux scripts outputs","","refs/heads/development",""
"98e3204dd82add71deb8db717fabcf2dcc082350","2025-04-29 20:07:10","vicnaum","feat: Native Payment support for Actions","","refs/remotes/origin/feat/native-payment-support-for-actions",""
"419f57a6b6e6690647d10c35b323830f696fdc71","2025-04-29 20:36:40","vicnaum","Merge branch 'test/fork-testing' into feat/native-payment-support-for-actions","","refs/remotes/origin/feat/native-payment-support-for-actions",""
"8099470e4685cee60a5e910b34a3b3cdba9004e5","2025-04-29 22:18:54","vicnaum","misc: NATIVE_TOKEN moved to Constants","","refs/remotes/origin/feat/native-payment-support-for-actions",""
"aaf3b41f21dd5749ee459558311e2209566dc55d","2025-04-29 22:19:30","vicnaum","test: Added LensFees and LensCreate2 and Actions to BaseDeployments","","refs/remotes/origin/feat/native-payment-support-for-actions",""
"9a4ba78674464ef3df6596382c9edb6c999ff572","2025-04-29 22:19:42","vicnaum","test: TippingAccountAction initial test","","refs/remotes/origin/feat/native-payment-support-for-actions",""
"ca23b3845439ffea74e8c02315286276dfaae406","2025-05-01 20:04:28","Alan Donoso Naumczuk","feat: Allowances key and method to clear all allowances added + general improvements","","refs/heads/development",""
"88b7df3e7feab27982aa0c155b9f92e2babf87d7","2025-05-02 15:15:20","Alan Donoso Naumczuk","feat: canTransferNative deprecated, allowanceKey packed into storage, clearAllAllowances on canTransferTokens disabling","","refs/heads/development",""
"cc2b612505f975a98c5b10265df58864caa54274","2025-05-05 18:21:34","Alan Donoso Naumczuk","fix: Spend native allowance directly when data length < 4 bytes","","refs/heads/development",""
"6c3c24a9dda43c4b253295f36e37245b8c974916","2025-05-05 18:21:51","Alan Donoso Naumczuk","tests: Initial account spending tests added","","refs/heads/development",""
"7507a05684ef2a10a81eba61b51a862e543d8510","2025-05-05 18:25:51","Alan Donoso Naumczuk","misc: Initialization of mock tokens moved to Base Deploments","","refs/heads/development",""
"78ef97928f6c54d3e337e6821532d981b73ccf91","2025-05-12 00:12:12","Alan Donoso Naumczuk","feat: Allowance getter added","","refs/heads/development",""
"bfb1a982b3e33f4f77c2ba77c6a12ffeb6096a3e","2025-05-13 14:17:20","Alan Donoso Naumczuk","misc: Workarounds to avoid owners being set as managers","","refs/heads/development",""
"6026d0d6e911a8a0c317554878884032704848cb","2025-05-13 15:02:57","Alan Donoso Naumczuk","test: Some tests added","","refs/heads/development",""
"c10123a596acc39cc66ed4ee498196de19d27200","2025-05-13 15:30:30","Alan Donoso Naumczuk","chore: .gitignore adds mainnet and testnet .env files","","refs/heads/development",""
"3951e69f30dd2a0f58e57c95a62731e7592532c7","2025-05-13 15:30:58","Alan Donoso Naumczuk","deploy: Account upgraded on testnet through Beacon","","refs/heads/development",""
"120f08702bbf307576165d4bf0c270788f979f60","2025-05-13 20:30:53","vicnaum","chore: deployAndUpgradeTransparentUpgradeableProxy script improved a little bit","","refs/remotes/origin/feat/native-payment-support-for-actions",""
"bfeb79d41b9e5070efc5a8808f6cae099d557bfa","2025-05-13 20:31:17","vicnaum","upgrade: [Testnet] ActionHub upgraded","","refs/remotes/origin/feat/native-payment-support-for-actions",""
"b9fb8f106aa27bf78dd02d48f20b649d45ac0de0","2025-05-13 20:40:45","vicnaum","upgrade: [Testnet] TippingPostAction upgraded","","refs/remotes/origin/feat/native-payment-support-for-actions",""
"033df211561b7df28a79509638f519918b9a3a12","2025-05-14 19:22:43","vicnaum","test: Fix LensCreate2 mock to work with both zkSync and native EVM - fixes CI","","refs/remotes/origin/feat/native-payment-support-for-actions",""
"366164ac5ac070431f903a6722d963003bf89e6f","2025-05-14 21:55:43","vicnaum","test: fixing fuzzing and test compilation issues with zkSync","","refs/remotes/origin/feat/native-payment-support-for-actions",""
"30948260e74d6fdbca959e8383959468c2998e67","2025-05-14 22:33:39","Alan Donoso Naumczuk","test: More tests added for Account allowance","Co-authored-by: Victor Naumik <vicnaum@gmail.com>","refs/heads/development",""
"2d8d75d9e9266e1e9ee1162c52bf53608f662756","2025-05-15 14:53:38","Alan Donoso Naumczuk","test: More test added to Account - Ununsed equal function removed from PermissionsHelper","","refs/heads/development",""
"d5ed0f1907d7f24192a1c78e9b547a7dd9e68b38","2025-05-15 15:01:05","Alan Donoso Naumczuk","test: Test cases to fill added","","refs/heads/development",""
"8cee5e8337886ca7b5cc0ca09cb3a834b0d27a0b","2025-05-15 19:52:03","vicnaum","test: add cannot spend more than allowance tests to Account","","refs/heads/development",""
"abd0339ac7d43e09860b93be99a03c7a7ee38d6e","2025-05-19 19:47:20","vicnaum","feat: Approach B decided + DependentLock contract implemented","Co-authored-by: Alan <donosonaumczuk@gmail.com>","refs/remotes/origin/feat/proxy-admin-for-ownable",""
"582ec12b32053af3f7e87b6c3706596cc3aefb9e","2025-05-20 17:27:20","Alan Donoso Naumczuk","feat: Increases/decreases order switched for change allowance; Decreases happen first","","refs/heads/development",""
"a5fc075622650af6900e50426f5c2283ee7892df","2025-05-20 17:45:11","Alan Donoso Naumczuk","misc: Added checks for owner/manager in change allowance","","refs/heads/development",""
"2dcee643ad66a352390d91828ecb944c2bca87a2","2025-05-20 17:45:29","Alan Donoso Naumczuk","test: Final tests added","","refs/heads/development",""
"9ce346fb85b88be7f91af21509a86390bde21a42","2025-05-21 19:40:58","vicnaum","test: fix CI compilation issues (account tests split in two)","","refs/heads/development",""
"22d6ca2df7b0de734e6730178463939a8c3ff11a","2025-05-22 11:01:05","vicnaum","fix: referral returns in LensPaymentHandler fixed","","refs/heads/development",""
"b692db49c3bdc01ca675ca1fd700648da57bcfa5","2025-05-22 11:02:15","vicnaum","Merge branch 'fix/LensPaymentHandler-referral-returns' into feat/native-payment-support-for-actions","","refs/remotes/origin/feat/native-payment-support-for-actions",""
"a3451ef796d10008aeafe949750b8eba1d1d5185","2025-05-22 11:09:56","vicnaum","test: fix TippingAccountAction test","","refs/remotes/origin/feat/native-payment-support-for-actions",""
"fca892a08c9457c2e4567334982e407403697eef","2025-05-22 11:39:22","vicnaum","upgrade: [Testnet] TippingPostAction, TippingAccountAction, SimpleCollectAction - native payments and referrals return amount fix","","refs/remotes/origin/feat/native-payment-support-for-actions",""
"e3091367145b3a74b3a3566bfad9112960b25cee","2025-05-22 12:27:15","Alan Donoso Naumczuk","deploy: Account on Testnet after changes","","refs/heads/development",""
"987de2c0622632116df3e6981de71978dd1157b6","2025-05-22 14:15:35","Alan","Merge pull request #116 from lens-protocol/feat/account-spending-allowances","feat: Account - Managers spending allowances","refs/heads/development",""
"b5ce2ad1473053d49c7c3d8dd1ef395d8d488c36","2025-05-22 14:17:29","Alan","Merge pull request #118 from lens-protocol/fix/LensPaymentHandler-referral-returns","fix: referral returns in LensPaymentHandler fixed","refs/heads/development",""
"9ab008fc5595e8bf2b7146c7ee794dd85cff48fa","2025-05-22 19:34:25","vicnaum","Merge branch 'development' into test/fork-testing","","refs/heads/development",""
"72a46c49cea0139b29aec789707057826a82facf","2025-05-22 19:45:06","Victor Naumik","Merge pull request #119 from lens-protocol/test/fork-testing","misc: Tests reworked to allow forking","refs/heads/development",""
"8264f4ea5713347b5331af0e791432bc2be6833a","2025-05-22 19:49:17","vicnaum","Merge branch 'development' into feat/native-payment-support-for-actions","","refs/remotes/origin/feat/native-payment-support-for-actions",""
"fbfddf113da3d2d6a4c6e2e56184850da22b5e40","2025-05-22 20:16:20","vicnaum","test: fix CI tests compilation","","refs/remotes/origin/feat/native-payment-support-for-actions",""
"0baef9d5c0c16e2b666e509c3e3939744c0acd5f","2025-05-22 20:41:16","Victor Naumik","Merge pull request #117 from lens-protocol/feat/native-payment-support-for-actions","feat: Native Payment support for Actions","refs/heads/development",""
"6603091d1a3ac0ee87289a87142dfbab343aa7dd","2025-05-26 17:51:31","vicnaum","fix: fix balanceOf check in SimpleCollectAction","","refs/remotes/origin/feat/native-payment-support-for-actions",""
"da66ea4719bbc12274e4d2b0bab1e8933ffc62c2","2025-05-26 17:51:53","vicnaum","test: TippingPostAction test added","","refs/remotes/origin/feat/native-payment-support-for-actions",""
"153b5b9ef50a88352e5fcb36c858a56f6580f653","2025-05-26 17:57:26","vicnaum","upgrade: [Testnet] SimpleCollectAction upgraded (balanceOf fix during configure)","","refs/remotes/origin/feat/native-payment-support-for-actions",""
"a95d9d065ff6d00d76981d7c9fd2d07ef6112429","2025-05-27 15:54:32","vicnaum","Merge branch 'development' into feat/native-payment-support-for-actions","","refs/remotes/origin/feat/native-payment-support-for-actions",""
"c9813062a93a9365dc31f9f4bea308c93489238c","2025-05-27 16:24:55","vicnaum","test: fix CI","","refs/remotes/origin/feat/native-payment-support-for-actions","origin/feat/native-payment-support-for-actions"
"3df85fa170051cc6ab5d464ab5d3b3b681a980cd","2025-05-27 16:50:45","Victor Naumik","Merge pull request #120 from lens-protocol/feat/native-payment-support-for-actions","Fix: SimpleCollectAction balanceOf check during configuration","refs/heads/development",""
"2b6dc0f0f80f87e4fdf81370c54a45078663b2bc","2025-05-27 17:28:29","vicnaum","chore: improved deployAndUpgrade script to include bytecodeHash and Implementation in addressbook","","refs/heads/development",""
"9a49a698c0b0f610c0db0849f0e1705c82fa3baf","2025-05-27 17:32:56","vicnaum","upgrade: [Mainnet] ActionHub upgrade to support native payments","","refs/heads/development",""
"9e4ea3a5a8de16d256f332ebf4119ea63965d354","2025-05-27 17:36:41","vicnaum","upgrade: [Mainnet] TippingAccountAction, TippingPostAction, SimpleCollectAction upgraded to support Native Payments","","refs/heads/development",""
"f792e1ec280bf31c4ac65213e9a221d47ad731b8","2025-05-29 13:04:27","Alan Donoso Naumczuk","test: MockOwnableUniversal added and ProxyAdmin tests adapted","","refs/remotes/origin/feat/proxy-admin-for-ownable",""
"ee3048cf3a08ef1a4dfea6f983eeeed74c5359e0","2025-05-29 13:04:56","Alan Donoso Naumczuk","Merge branch 'development' into feat/proxy-admin-for-ownable","","refs/remotes/origin/feat/proxy-admin-for-ownable",""
"8bfc2a1ac56967ad4bbf2648a308a8fd728c4b8f","2025-05-30 12:26:26","vicnaum","test: load treasury address from env if present","","refs/heads/development",""
"30a4322832755066f994b7856fe20db840d0eaf0","2025-05-30 12:29:32","vicnaum","test: DebugTest template added for debugging onchain txs","","refs/heads/development",""
"89ba3fd38da6dee9dcb2ab1ae4848c2d078cd84b","2025-05-30 16:35:32","Alan Donoso Naumczuk","test: More tests added","","refs/remotes/origin/feat/proxy-admin-for-ownable",""
"70841a6222b8f3135633725aa3583a65dddb02d0","2025-06-02 19:22:53","vicnaum","fix: New SimpleCollectAction & LensCollectedPost that support immutable snapshots","","refs/heads/development",""
"f114df8f666cbe4b3305a2430e148c9c892d4be3","2025-06-03 15:24:43","Alan Donoso Naumczuk","misc: mockOwnerOnNextCall added to ownable test mock","","refs/remotes/origin/feat/proxy-admin-for-ownable",""
"b15039b55fb7df40e72aa4052cec0ddd08394818","2025-06-03 16:09:29","Alan Donoso Naumczuk","feat: transferFrom only allowed from msg.sender until EIP-7702 supported by ZkSync","","refs/heads/development",""
"8614533cebdfff5e10003509a00892773712acf4","2025-06-03 16:12:12","Alan Donoso Naumczuk","test: Skipping account allowance tests related to transferFrom != msg.sender","","refs/heads/development",""
"f296eaa84a46952f944ad135b58d473ff0c458f1","2025-06-03 16:17:40","Alan Donoso Naumczuk","misc: Comment tweaked. As both owner or manager could drain.","","refs/heads/development",""
"5936f3241c1c34743af8864f0b7980650b7076cd","2025-06-03 17:00:37","Alan Donoso Naumczuk","test: Tests added for transferFrom not allowed when form != msg.sender","","refs/heads/development",""
"5cbf12046eb166b2d4d3f22aae9f7ffbc9e7156a","2025-06-03 18:01:59","Alan Donoso Naumczuk","deploy: Account latest changes deployed on testnet","","refs/heads/development",""
"1aa0cacda6454b65e06894f8d0d5d6a71906545c","2025-06-04 19:24:18","vicnaum","fix: SimpleCollectAction - added special handling of previous version of LEnsCollectedPost that did not support multiple snapshots (revert) + tests","","refs/heads/development",""
"0be86380ea09603ed9988f7fd4748cabfe5cf7f5","2025-06-04 19:39:17","vicnaum","refactor: MockFeed moved to mocks","","refs/heads/development",""
"ec77d4915cb941d6f55b9b8c5137f22e6ccc27f5","2025-06-04 19:42:20","vicnaum","refactor: MockLensCreate2 moved to mocks folder","","refs/heads/development",""
"ea6e7a03e4fa95dfd95fcb1d4eb3f588b8ef5c76","2025-06-05 12:05:25","Alan","Merge pull request #122 from lens-protocol/feat/account-transferfrom-own-funds-only","feat: transferFrom only from sender until EIP-7702 on LC","refs/heads/development",""
"b6f11c7c7921511be553a1199a82098b5436e377","2025-06-05 12:21:02","vicnaum","deploy: [Mainnet] Account upgrade (limits transferFrom to msg.sender)","","refs/heads/development",""
"a2307ceec12bd156a8b01c1a87ccae1e17cf05dc","2025-06-05 17:39:34","Alan Donoso Naumczuk","test: Add pending tests before test re-work","","refs/remotes/origin/feat/proxy-admin-for-ownable",""
"402b567854b7d6c39a2686eac5a59a43e35fa583","2025-06-05 18:13:22","Alan Donoso Naumczuk","test: ProxyAdminForOwnable tests improved","","refs/remotes/origin/feat/proxy-admin-for-ownable",""
"4e4d9f07d77e19b8d24d81613ceb58b8bec8de96","2025-06-06 12:12:54","Alan Donoso Naumczuk","fix: Tests fixed","","refs/remotes/origin/feat/proxy-admin-for-ownable",""
"4356535bbfd8b60470e07e129856f49141c7c720","2025-06-06 22:27:40","vicnaum","feat: AccountChecker","","refs/remotes/origin/feat/account-checker","origin/feat/account-checker"
"28897f206826421e19119b6ba945999c255c656a","2025-06-08 21:00:31","Slava S.","test: fix failing LensFactory and Account tests (#124)","* test: fix failing account tests * test: fix failing LensFactory test","refs/heads/development",""
"2ce9955d0b52472e59338040b55ddcc7c59d46ab","2025-06-09 19:29:29","Alan Donoso Naumczuk","feat: Factory includes new ProxyAdminForOwnable","","refs/remotes/origin/feat/proxy-admin-for-ownable",""
"c33b82ece5ce2908657dba72da61f028b2d1a4e5","2025-06-12 20:39:47","vicnaum","feat: Native Spending on Rules - LensNativeHelper initial implementation and Namespace payable example","","refs/heads/development",""
"b7fbceb3f4c1deffb1790d0bc64025cbdbe550f6","2025-06-13 14:30:20","Alan Donoso Naumczuk","misc: Contract renamed to PayableUsingNativePaymentHelper","","refs/heads/development",""
"f7104fd466fc53a8c2d0f039c555a2a9ab925471","2025-06-13 14:44:31","Alan Donoso Naumczuk","misc: Natspec improved for LensNativePaymentHelper","","refs/heads/development",""
"6ba3c36a6a24a75cc119a07ea3f31c479f04f62f","2025-06-13 16:52:26","Alan Donoso Naumczuk","feat: Event added for ERC-721 name & symbol","","refs/heads/development",""
"0f4b9413262b6afcaa4b11be76784d9abb7b1c82","2025-06-13 17:03:22","vicnaum","feat: Namespace createAndAssignUsername allowed for owner of the account also","","refs/heads/development",""
"08694efe757e95906402cede9f160e9a5caccb82","2025-06-13 17:42:23","Slava S.","fix: canSetMetadataURI should return true for owner (#125)","* fix: canSetMetadataURI should return true for owner * test: added more tests for canSetMetadataURI","refs/heads/development",""
"3f2b968ac23a4db0906a412a7aca30803935a1a3","2025-06-13 17:57:04","vicnaum","refactor: some tweaks and readability adjustments related to LensNativePaymentHelper","","refs/heads/development",""
"b69d1abff69392223372e2edcfb6846a40775727","2025-06-17 14:07:36","Alan Donoso Naumczuk","misc: Remove unused code","","refs/remotes/origin/feat/proxy-admin-for-ownable",""
"16d9c0e1ce0633b7b5c8a4cfda9cff4b3dd4404d","2025-06-17 17:30:21","vicnaum","fix: staticcall instead of call in SimpleCollectAction collection version check","","refs/heads/development",""
"845e45f8795860561d3947ce3d15bcb6e0fd2903","2025-06-17 17:48:00","vicnaum","fix: SimpleCollectAction behaviour changed to not revert on legacy collections after editing","","refs/heads/development",""
"be517da4f1b3e2346eab8d5140086f099e837ea5","2025-06-18 14:51:46","Alan Donoso Naumczuk","test: createAndAssign tested to work for Ownable and AC patterns","","refs/heads/development",""
"532d5ee51c99821c0f575b2f48bb26a5ab01ca2a","2025-06-18 14:54:29","Alan","Merge pull request #128 from lens-protocol/feat/erc721-name-symbol-event","feat: Event added for ERC-721 name & symbol","refs/heads/development",""
"19c8639b4b726d7787a29fb7336a0382c34efe68","2025-06-18 15:05:41","Alan","Merge pull request #127 from lens-protocol/feat/namespace-create-and-assign-username-allowed-for-account-owner","feat: Namespace createAndAssignUsername allowed for account's controller (Ownable or AC)","refs/heads/development",""
"f42dc9008f4ac66b5696bc91b2944499a78c426e","2025-06-18 15:09:29","Alan Donoso Naumczuk","misc: Conflicts solved after branch sync with development","","refs/heads/development",""
"acbd38652bee4847a409ead798bcba68f80c9fe5","2025-06-18 15:26:42","Alan Donoso Naumczuk","feat: Do not allow account to set itself as manager","","refs/heads/development",""
"8dd95c8e37b053ef13ff285e7c73ce694b98d45f","2025-06-18 20:36:50","vicnaum","deploy: [Testnet] LensNativePaymentHelper with create2","","refs/heads/development",""
"67fca8cd46e94804cda251b8fcec26de717628bc","2025-06-18 20:57:05","vicnaum","deploy: [Testnet] All SimplePayment inherited rules upgraded (Native Spending On Rules)","","refs/heads/development",""
"9455056e141be84c628ae4e93fc6d966e0c52996","2025-06-18 21:11:56","vicnaum","deploy: [Testnet] Namespace upgrade v1.0.1 (native spending, event, createAndAssign allowed for owner)","","refs/heads/development",""
"96f10bfa19bccece7adfe12fa77267fb9812b627","2025-06-18 21:40:50","vicnaum","fix: _validateToken fixed to handle Native token properly (without balanceOf ERC20 call)","","refs/heads/development",""
"4b95f6eab0ec4e6cca06a3d70caa065759bac6e7","2025-06-19 12:41:45","vicnaum","deploy: [Testnet] SimplePayment Rules fix (_validateToken for native)","","refs/heads/development",""
"3d021cbc16115d53f2a2ed6f741b56365944d711","2025-06-19 12:47:40","vicnaum","refactor: add proper error to SourceStamp","","refs/heads/development",""
"c0848d357973e79535be0e1536e43fa82a782f8f","2025-06-19 12:48:39","vicnaum","fix: Namespace _doesMsgSenderControlAccount try/catch fix for internal call failure","","refs/heads/development",""
"c73446e77242890fc62995390d1180f4447f50d3","2025-06-19 12:49:10","vicnaum","chore: some test helper functions added","","refs/heads/development",""
"0690d828871c6559f65396781d9998e183992d78","2025-06-19 12:49:49","vicnaum","test: new DebugTest examples","","refs/heads/development",""
"e55cb32eac3b6858d7e63d5ee568ba1db258fecc","2025-06-19 14:20:03","vicnaum","fix: Namespace _dpesMsgSenderControlAccount try/catch second fix","","refs/heads/development",""
"cc82dec5808e595d473bac294eb7a62e9ccc6d52","2025-06-19 16:52:10","vicnaum","chore: SourceStamp originalMsgSender error renamed","","refs/heads/development",""
"3ede26f76e1f94a3c8a2b81d5b7dc3b91918e279","2025-06-19 17:44:19","Alan Donoso Naumczuk","test: Added function to exclude some mock and tests files from coverage","","refs/heads/development",""
"4a12d1d15a465403b38c413709e1481ecba87d87","2025-06-19 19:04:40","Alan Donoso Naumczuk","misc: LensRulePaymentHandler marked as abstract contract","","refs/heads/development",""
"8770bab258669afc75365e7328f7a2026d5608d0","2025-06-19 20:37:53","Alan Donoso Naumczuk","test: PayableUsingNativePaymentHelper tested","","refs/heads/development",""
"db49fbfb89bd64ebff46d812fb1d700590b524de","2025-06-19 21:04:05","Alan Donoso Naumczuk","test: LensNativePaymentHelper tests added","","refs/heads/development",""
"d5bba90c793885bf7c6340c63f98e15fb48f34b4","2025-06-20 14:28:28","vicnaum","deploy: [Testnet] Namespace minor fix (try/catch to not revert)","","refs/heads/development",""
"db402ee0365f3fcdf5730337748fee6dcf14abba","2025-06-20 14:39:32","vicnaum","chore: addressBook bytecodeHashes fixed for LensNativePaymentHelper on Testnet","","refs/heads/development",""
"e03ad34a4067b87fb980086fd450c5f0680c223e","2025-06-20 14:40:02","vicnaum","deploy: [Mainnet] LensNativePaymentHelper deployed with LensCreate2","","refs/heads/development",""
"ee0a541213b84845c5c4184b44868194e60eb7cb","2025-06-20 14:52:50","vicnaum","deploy: [Mainnet] All SimplePayment-inherited rules upgraded (Native Spending on Rules)","","refs/heads/development",""
"88973b179abaf3169b472c93b60ffc42303ef3b4","2025-06-20 14:56:53","vicnaum","deploy: [Mainnet] Namespace upgrade v1.0.1 (native spending, init event, createAndAssign allowed for owner, try/catch bug fixed)","","refs/heads/development",""
"1890e4c0a71d3a161becf38899ff6401a43b396f","2025-06-20 16:16:34","Victor Naumik","Merge pull request #126 from lens-protocol/feat/native-spending-on-rules","feat: Native Spending on Rules [Namespace only]","refs/heads/development",""
"f21b5d6f42ce7093c8acd38f2b69fe31b7b5bcba","2025-06-23 11:40:38","vicnaum","feat: Add Native Spending on Rules for all primitives","","refs/heads/development",""
"83ddf724a9259ed5fdfb95893a14e56766bc6a12","2025-06-23 12:22:47","vicnaum","deploy: [Testnet] Native Spending on Rules - All primitives upgraded to v1.0.1 (Feed, Graph, Group)","","refs/heads/development",""
"14c6d0400f6fff953b89a18f834deb13a2bde565","2025-06-23 16:59:56","Slava S.","test: Added more Account tests (#129)","* test: added more Account tests * test: fixed zksync amount bounding","refs/heads/development",""
"f582ef216b2e2e1294700dc8d42b7df84f27a1e9","2025-06-23 19:34:36","Alan Donoso Naumczuk","misc: Warnings cleared & unrechable code supressed","","refs/heads/development",""
"b1c43b44fb6a89e5e4449f5a2bbaa9c350e655e4","2025-06-23 19:52:00","Alan Donoso Naumczuk","misc: Mask warnings as compilation errors","","refs/heads/development",""
"c9171b51da6f716bc936addb58bfe55d98111f51","2025-06-24 00:23:15","Alan Donoso Naumczuk","misc: Ignore warnings from dependencies & ignore 'assemblycreate'","","refs/heads/development",""
"b1f4e3993a05f619c366c3822c34ea857eff22da","2025-06-24 00:36:30","Alan","Merge pull request #132 from lens-protocol/misc/warnings","misc: Warnings cleared & unrechable code supressed","refs/heads/development",""
"ee7657db33b494f5ccc2145783839087d149fe4b","2025-06-24 10:43:34","vicnaum","misc: added more scripts to package.json","","refs/heads/development",""
"00e36672967dda8f9b17e1a021df8e4b803d2425","2025-06-24 16:58:21","Alan Donoso Naumczuk","Merge branch 'development' into fix/simple-collect-action","","refs/heads/development",""
"0495f7d52beed055ca5971932815b371882f100a","2025-06-24 17:03:12","Alan Donoso Naumczuk","misc: LensCollectedPost::tokenURI refactored to avoid warning","","refs/heads/development",""
"b825704c7fbd59d68a08c35c36453d0d5cea418e","2025-06-24 18:01:37","Alan Donoso Naumczuk","misc: A comment added and a comment tweaked","","refs/heads/development",""
"7c7cf7e55dee49a0a605c3583cdfeaba7471e117","2025-06-25 13:57:08","vicnaum","misc: refactored LensCollectedPost to be more explicit","","refs/heads/development",""
"5c015eec8fc04b98be43f34d6efb3b4cdb1133b5","2025-06-25 14:03:06","Alan Donoso Naumczuk","feat: TokenDistributor contract initial impl added","Co-authored-by: Victor Naumik <vicnaum@gmail.com>","refs/heads/development",""
"c1de3a662c18f8bd5cfa62ee7debcd0e22063fcd","2025-06-25 14:14:38","Alan Donoso Naumczuk","misc: Compilation fixed","","refs/heads/development",""
"8e68d235836cdb3a15d224fcc3abc3fd8a6a7590","2025-06-25 14:15:11","Alan Donoso Naumczuk","misc: Wrong comment removed","","refs/heads/development",""
"4585b2ec228bee5afff48b0a75860fdf63da6553","2025-06-25 14:15:44","Alan Donoso Naumczuk","misc: ABIs updated","","refs/heads/development",""
"b9467f2c8f7f4420c288f61062a4b8cf9ce24570","2025-06-25 14:28:05","vicnaum","deploy: [Testnet] SimpleCollectAction fix (non-reverting on editing of legacy posts, multiple snapshots on editing of new posts)","","refs/heads/development",""
"808b519757e93479db7743beae8b0051c72cd934","2025-06-25 20:01:54","vicnaum","feat: Getters added (and payable to createDistribution)","","refs/heads/development",""
"3b9f14f830abf74b553235828818e29ddaa681ec","2025-06-25 20:02:13","vicnaum","test: TokenDistribution initial tests and test plan","","refs/heads/development",""
"88f5f5116973d1dcdc4f8c303589ef18d26cf6d7","2025-06-25 21:19:14","Alan Donoso Naumczuk","misc: Remove temporal hack from filtered-coverage & filter out tests directory","","refs/heads/development",""
"49c275eed9d72c363509e65b426cf2c75c6341ac","2025-06-25 21:21:29","Alan Donoso Naumczuk","misc: Special test function to exclude tests from coverage removed","","refs/heads/development",""
"f1774aefa4bdd18726c9266f62b02470e7f56af8","2025-06-25 21:42:28","Alan Donoso Naumczuk","misc: Filtered coverage output improved to be more friendly","","refs/heads/development",""
"cf435b4354c15d6ec254328d71d0f3aa00096a51","2025-06-25 21:42:43","Alan Donoso Naumczuk","misc: README improved, coverage command added","","refs/heads/development",""
"bf902e6416846a584dbad247c2354711396e8dd1","2025-06-25 22:08:33","Alan","Merge pull request #133 from lens-protocol/misc/test-coverage","misc: Filtered coverage improved","refs/heads/development",""
"2d754bd131cc7dd7c36fea12c1857e9e507f9919","2025-06-26 12:03:15","Alan Donoso Naumczuk","Merge branch 'development' into feat/proxy-admin-for-ownable","","refs/remotes/origin/feat/proxy-admin-for-ownable",""
"618b79fd638c9d8cd895366c79e1e59a6d02b73e","2025-06-26 12:12:03","Alan Donoso Naumczuk","misc: Fix warnings after sync with development","","refs/remotes/origin/feat/proxy-admin-for-ownable",""
"ac169738686e2a5afac0402c1ec738b593ac63b9","2025-06-26 13:01:49","Alan Donoso Naumczuk","test: Tests fixed","","refs/remotes/origin/feat/proxy-admin-for-ownable",""
"b3235f3edfd19ce86c88e847c162a06ee81d78b6","2025-06-26 13:03:08","Alan Donoso Naumczuk","Merge branch 'development' into feat/native-spending-on-rules","","refs/heads/development",""
"fca568b8c33ed458ee2873ce40a97efaa2c65643","2025-06-26 13:04:05","Alan Donoso Naumczuk","Merge branch 'development' into fix/simple-collect-action","","refs/heads/development",""
"77a5242ea87548d5d9926e83272d384e9ceda2e3","2025-06-26 13:30:18","Alan Donoso Naumczuk","misc: Conflicts solved after sync with development","","refs/heads/development",""
"7a6fbb8007834ed34ebc1b376e6cbd9549804dfb","2025-06-26 13:34:20","Alan Donoso Naumczuk","feat: Function to permissionlessly remove Account as self-managers","","refs/heads/development",""
"380df466989c3130e9fd6fd4b31c78b523e275cc","2025-06-26 13:42:07","Alan Donoso Naumczuk","Merge branch 'development' into feat/token-distributor","","refs/heads/development",""
"5b7de06d260967af7d789db8a16c97f0bb3c214a","2025-06-26 14:19:28","Alan Donoso Naumczuk","misc: Error changed to a more accurate one","","refs/heads/development",""
"8b99c89f61ed9cc5044cc247f15714a41f1e41b5","2025-06-26 14:19:46","Alan Donoso Naumczuk","test: More tests added on the Token Distributor","","refs/heads/development",""
"2fcca1bb50af59e84f5a73cbe172b2eea3837c91","2025-06-26 14:26:41","Alan Donoso Naumczuk","feat: DistributionEnded(distributionId, 0) emitted to signal distribution got completed","","refs/heads/development",""
"6d39b9b8023aad8beac4c8272c9a909f63b23b03","2025-06-26 19:00:17","Alan Donoso Naumczuk","misc: TODOs","","refs/heads/development",""
"3d37bf87c2dfd5cd71718817845d7a738c080a6a","2025-06-26 19:00:44","Alan Donoso Naumczuk","feat: Lens_TokenDistributor_TransferSucceeded event emitted","","refs/heads/development",""
"206ccdd40cf537e613b0c3c7ee75f75a185775d9","2025-06-26 19:01:01","Alan Donoso Naumczuk","test: More tests added","","refs/heads/development",""
"0dc32acb74b9053029e496fe279119826a50e98b","2025-06-27 17:26:38","Alan Donoso Naumczuk","misc: Errors added","","refs/heads/development",""
"7972a500de7efbe82c0e625fd065c0ba54519122","2025-06-27 17:27:07","Alan Donoso Naumczuk","feat: Unnecessary balance check removed & some custom errors added","","refs/heads/development",""
"9abe7a0a074eaa5c468c803d5dd9526ef8b253bf","2025-06-27 17:27:38","Alan Donoso Naumczuk","test: Full coverage for Token Distributor contract","","refs/heads/development",""
"7e2fedab698d35e6d7911f1f497ebf64e4a49cf8","2025-06-27 17:36:24","Alan Donoso Naumczuk","feat: TokenDistributor now uses computed storage","","refs/heads/development",""
"f853037419ff606ec93f31e2da64cd89e1a96a96","2025-06-27 17:46:08","Alan Donoso Naumczuk","feat: TokenDistributor is now initializable","","refs/heads/development",""
"5d7dc8474a4a8b54fcb88ea8b5b1486de9bfd1a5","2025-06-28 12:06:19","Alan Donoso Naumczuk","misc: ABIs updated","","refs/heads/development",""
"bcdef733859cd41686424445761b6969ba86b7f4","2025-06-30 11:14:39","Alan Donoso Naumczuk","misc: Take native token address from constants types","","refs/heads/development",""
"c09074e11d4e14408518d0a14b9d8d747f77203c","2025-06-30 11:18:32","Alan Donoso Naumczuk","misc: ABIs updated","","refs/heads/development",""
"b313802b3ab6c276b0ff53251c41b9e1d8bee58e","2025-06-30 11:19:48","Alan Donoso Naumczuk","misc: Remove .out before bind or ABI gen to avoid carrying old files","","refs/heads/development",""
"d29fa209dea8f5b972ae5fbd4c10846772686fc0","2025-06-30 16:38:22","zannis","remove old abi after renaming contract","","refs/heads/development",""
"e5304842feee0b352568de9f69f0e861c02c1fb5","2025-06-30 18:36:24","Alan Donoso Naumczuk","deploy: Token Distributor deployed to testnet","","refs/heads/development",""
"d8f4839594686e578f82667c65eff643830a2277","2025-07-02 16:06:30","Alan Donoso Naumczuk","deploy: [Mainnet] SimpleCollectAction fix (allow editing & URI snapshots)","","refs/heads/development",""
"65874dcb99463efd052acc6d03d0b6f14bd1f529","2025-07-02 16:31:37","Alan","Merge pull request #121 from lens-protocol/fix/simple-collect-action","fix: New SimpleCollectAction & LensCollectedPost that support immutable snapshots","refs/heads/development",""
"233a198a388c0df20e1df3bcfde2851a748623fc","2025-07-02 18:47:00","Alan Donoso Naumczuk","test: Some simple tests for removeOwnerAsManager & removeAccountAsManager added","","refs/heads/development",""
"65a15e7ca342b24fbd5b8180e00520588d4c1a27","2025-07-03 19:47:10","Alan Donoso Naumczuk","feat: Add symbolic execution tests using Halmos","","refs/remotes/origin/feat/symbolic-execution",""
"2b0c7bbf5f6e157a345ed7b212304f55be1f4c1a","2025-07-04 14:52:30","Alan Donoso Naumczuk","fix: Mutable collections never read from URI snapshots","","refs/heads/development",""
"0e7002e5e88261abe4d75f4e5b563f31e07c6846","2025-07-04 15:23:44","Alan Donoso Naumczuk","misc: Move fetching URI outside of IF statement","","refs/heads/development",""
"b30796a2ab6ca237709e5d02a0b53699aeb8b64f","2025-07-04 15:36:35","Alan Donoso Naumczuk","deploy: [Testnet] Fix for mutable collect collections","","refs/heads/development",""
"0b7b5d577a39804632c7b6800a5b52587aaa30bb","2025-07-04 16:17:03","Alan Donoso Naumczuk","deploy: [Mainnet] Fix for mutable collect collections","","refs/heads/development",""
"116469c9dad6b2ef92e0ed008dc5a89f839cb86a","2025-07-04 17:06:44","Alan Donoso Naumczuk","misc: Scripts to quickly start and end environments","","refs/heads/development",""
"493a70f6a9c6780b8239f2891dd5965636a6d213","2025-07-07 11:19:30","Alan","Merge pull request #137 from lens-protocol/misc/envs","misc: Scripts to quickly start and end environments","refs/heads/development",""
"76394726de49e3eeeff77e860ded5688d35fdc5d","2025-07-07 11:19:50","Alan","Merge pull request #136 from lens-protocol/fix/mutable-collections","fix: Mutable collections never read from URI snapshots","refs/heads/development",""
"6e47c5f4f721c4ea251192d8e45309c359136155","2025-07-07 11:22:24","Alan Donoso Naumczuk","Merge branch 'development' into feat/native-spending-on-rules","","refs/heads/development",""
"e38dae3d7fe8787e5c88ecf0d6e4039d9141dbe8","2025-07-07 11:26:08","Alan Donoso Naumczuk","feat: Group - Native spending enabled for all rule-based methods","","refs/heads/development",""
"cf40dbe15bfaad2cca3f5bbd654ebea11b07615f","2025-07-07 11:31:18","Alan Donoso Naumczuk","feat: Graph- Native spending enabled for all rule-based methods (Graph and Follow rules)","","refs/heads/development",""
"71663be0b89c1a14549e611e8b9a45e7ccef252b","2025-07-07 11:33:52","Alan Donoso Naumczuk","feat: Missing changeGroupRules as payable - Payment on configuration","","refs/heads/development",""
"b3e7f96361c6ffde84b763bc5aaa56969d52df49","2025-07-07 11:34:50","Alan Donoso Naumczuk","feat: Missing changeGraphRules as payable - Payment on configuration","","refs/heads/development",""
"906a5ae5a56fd191883964855c317ccf30386bc6","2025-07-07 11:36:13","Alan Donoso Naumczuk","feat: Added missing changeNamespaceRules as payable - Payment on configuration","","refs/heads/development",""
"4403012465051d8897196bcc8b898e39da60914c","2025-07-07 11:39:36","Alan Donoso Naumczuk","feat: All Feed and Post rule-based methods now support native","","refs/heads/development",""
"5afd60a1bcdcab89dcc93c78c42b980695514e46","2025-07-09 14:52:23","Alan Donoso Naumczuk","feat: KeyValue params added to createDistribution","","refs/heads/development",""
"f743020929cfae63d335c0862197ea993cfdc25b","2025-07-09 16:36:55","Alan Donoso Naumczuk","misc: Script changed to do case insensitive address comparisson","","refs/heads/development",""
"51c280e5586491d0ceb08b2abc08d95177058216","2025-07-09 16:37:34","Alan Donoso Naumczuk","deploy: [Testnet] Token Distributor upgraded on testnet after changes","","refs/heads/development",""
"679510440811b923d55b5e42f1b929881404547b","2025-07-09 20:13:31","vicnaum","deploy: [Testnet] All Primitives upgraded to support payable on all rule-calling functions","","refs/heads/development",""
"618f16412fcd9516e94d8cb9980c05a55de41d01","2025-07-09 20:13:49","vicnaum","misc: addressBook scripts small capitalization fix","","refs/heads/development",""
"873fa315e81b2e4514b2903613f7661b67e3ab19","2025-07-10 18:56:10","vicnaum","feat: Account cannot be Owner of itself","","refs/heads/development",""
"128a14993e4c39d8c586cea7894a8e419e6327d1","2025-07-10 19:34:32","vicnaum","deploy: [Testnet] Account cannot be its own manager or owner","","refs/heads/development",""
"02c8f69668bfe710b1a3e2f0cbfe4bf2e80addfe","2025-07-10 19:37:12","vicnaum","deploy: [Mainnet] Account cannot be its own manager or owner","","refs/heads/development",""
"f7d2eedd7793655c9ef4647b7a1e4f012da00d3f","2025-07-11 14:39:34","Alan","Merge pull request #130 from lens-protocol/feat/account-cannot-be-manager","feat: Do not allow account to set itself as manager","refs/heads/development",""
"e9fae1043f328a48b3b52a26a837bac66ea77caa","2025-07-11 14:54:13","Alan Donoso Naumczuk","Merge branch 'development' into feat/proxy-admin-for-ownable","","refs/remotes/origin/feat/proxy-admin-for-ownable",""
"e224e08445d9194530b1b6c0a1a3ba25ae8cbd35","2025-07-11 14:55:48","Alan Donoso Naumczuk","Merge branch 'development' into feat/native-spending-on-rules","","refs/heads/development",""
"a6161e7d3f01db9eae3298e4b8f4bc7646897667","2025-07-11 15:03:24","Alan Donoso Naumczuk","Merge branch 'development' into feat/token-distributor","","refs/heads/development",""
"cd49906107e881687384a4c6e5913d2a03313a60","2025-07-11 15:03:39","Alan Donoso Naumczuk","Merge branch 'development' into feat/symbolic-execution","","refs/remotes/origin/feat/symbolic-execution","origin/feat/symbolic-execution"
"5a7f1cb0926e445a33ba38e96048749476c8c7e0","2025-07-11 21:24:30","vicnaum","fix: restrict accountManagers on account creation (not owner, not 0, not account itself)","","refs/heads/development",""
"0ca2dab11c004be9cc40bc8527605c3c422afe57","2025-07-11 22:21:51","vicnaum","test: Account initialization tests added (restrictions on managers)","","refs/heads/development",""
"0d14ec8229689eb14bb0ab5f000a10159fb01855","2025-07-14 11:57:26","Alan Donoso Naumczuk","feat: Initialization order switched for consistency - Fails on owner as manager","","refs/heads/development",""
"6b6f060070566cda6e8b685b268df30ddbc683f5","2025-07-14 16:11:35","Alan Donoso Naumczuk","test: msg.value added to _changeRules on tests","","refs/heads/development",""
"589ae7c9a385d29c2997a5f7b42fa8f950866746","2025-07-14 16:19:12","Alan Donoso Naumczuk","test: Another tests for native transfers at rule configuration","","refs/heads/development",""
"0907cb6f1b4b48bf1be3c72499d23b0003a19292","2025-07-14 17:11:54","vicnaum","deploy: [Testnet] Account cannot be initialized with owner as manager","","refs/heads/development",""
"4406ba89bc3cce45d2556309483d0bce84a60f43","2025-07-14 17:47:36","vicnaum","fix: KeyValueLib test fixed to pass on foundry-zksync v0.0.22","","refs/heads/development",""
"b593191646214f23b3110ac1e73b7eda9871b0f6","2025-07-14 17:56:37","Alan Donoso Naumczuk","test: Some tests moved to second Namespace tests suite in order to compile","","refs/heads/development",""
"ff142812ac6b0c83624ffec30d90fe4d8de0d83b","2025-07-14 19:15:04","vicnaum","deploy: [Mainnet] Account cannot be initialized with owner as manager","","refs/heads/development",""
"86ca44b24e82583e30bbf42300eeb1a758594402","2025-07-14 19:20:23","Victor Naumik","Merge pull request #138 from lens-protocol/feat/account-cannot-be-manager","fix: Account - restrict accountManagers on account creation","refs/heads/development",""
"78f72f236cb284832268981960ac4a15123d51b6","2025-07-15 18:53:25","vicnaum","misc: Deployment script for ProxyAdminForOwnable and DependentLock","","refs/remotes/origin/feat/proxy-admin-for-ownable",""
"5d78e62f876be2446cbcfc44c57657b1a04feb60","2025-07-15 18:53:53","vicnaum","deploy: [Testnet] AccountDependentLock and AccountProxyAdminForOwnable","","refs/remotes/origin/feat/proxy-admin-for-ownable",""
"7bfd97c5897c80dd8b4d32d53b3d18e7462de64b","2025-07-15 19:29:27","vicnaum","misc: Testnet Addressbook updated to include factory implementations","","refs/remotes/origin/feat/proxy-admin-for-ownable",""
"7b762371021c470599117f12c10c82571d6853d9","2025-07-15 19:31:38","vicnaum","misc: added global primitives to fork tests","","refs/remotes/origin/feat/proxy-admin-for-ownable",""
"019237aeb7f68ebbf08d1ce376d56123b310567b","2025-07-16 14:44:24","Alan","Merge pull request #139 from lens-protocol/feat/proxy-admin-for-ownable-only-proxy-calls","feat: ProxyAdminForOwnable restricted to only BeaconProxy admin calls","refs/remotes/origin/feat/proxy-admin-for-ownable",""
"d9cc715227132bebad57b63aaf64d5c9e6c315ab","2025-07-16 19:32:11","vicnaum","feat: ProxyAdminForOwnable restricted to only BeaconProxy admin calls","","refs/remotes/origin/feat/proxy-admin-for-ownable",""
"9e78db821781dc79e75c16b3e80c5e3d643007ac","2025-07-16 19:40:20","vicnaum","misc: formatting and magic number removal","","refs/remotes/origin/feat/proxy-admin-for-ownable",""
"0f06099a036643570d43ceaa39b888f0e00e4aca","2025-07-16 19:52:24","vicnaum","deploy: [Testnet] AccountProxyAdminForOwnable with more restrictions deployed","","refs/remotes/origin/feat/proxy-admin-for-ownable",""
"b7a85b73d653acb65c6dff1785dab31b06f9e08c","2025-07-16 19:55:28","vicnaum","deploy: [Mainnet] AccountDependentLock and AccountProxyAdminForOwnable","","refs/remotes/origin/feat/proxy-admin-for-ownable",""
"3ad379e68282733b3f41d4ed4996a6037d9a8608","2025-07-16 19:57:11","vicnaum","misc: proxyAdminForOwnable scripts added to package.json","","refs/remotes/origin/feat/proxy-admin-for-ownable",""
"76ea11861a2a305e5a9d74c5cd3de1fe28afd173","2025-07-17 12:19:51","Alan Donoso Naumczuk","deploy: [Mainnet] Token Distributor","","refs/heads/development",""
"1313d9cb1bc260ce1e9e1510455a9e2073a1c446","2025-07-17 13:09:55","Alan Donoso Naumczuk","test: Bound block timestamp on test to less than 2^64","","refs/heads/development",""
"da7fdb266d5a7cdf401dbf60adc350f5ac98b4a9","2025-07-17 13:33:48","Alan Donoso Naumczuk","fix: Forgot to re-assign the bound value","","refs/heads/development",""
"97cbf41f4183b249c4d32da39da7f1ef145d7a14","2025-07-17 13:57:20","Alan Donoso Naumczuk","misc: console.log commented on tests - prefix added to uncomment quickly if needed","","refs/heads/development",""
"8a9e8a92cececc3d8d5cf74967be99e1e16e0653","2025-07-17 14:06:52","Alan Donoso Naumczuk","test: Missing bound added","","refs/heads/development",""
"02a91468c2a65b3e3e50c78327051e20ddd64c2a","2025-07-17 14:07:05","Alan Donoso Naumczuk","test: Bound for block timestamp fixed","","refs/heads/development",""
"a32056b5d5e1aa07af1fb0cb6738927aa806dedf","2025-07-17 14:28:33","Alan","Merge pull request #134 from lens-protocol/feat/token-distributor","feat: Token Distributor","refs/heads/development",""
"0a728db295d70e04e202f226ff33c26d35831705","2025-07-17 16:35:18","vicnaum","test: Namespace tests refactor for compile size","","refs/remotes/origin/feat/proxy-admin-for-ownable",""
"5eeeb1d2563d0efe521ad16bd7697413f92ef833","2025-07-17 16:39:09","vicnaum","test: PostFork Actions added and some fixes for fork AccountDependentLock etc","","refs/remotes/origin/feat/proxy-admin-for-ownable",""
"cad0ecc1db9a41f73fce7179523fba9f8cf27f4b","2025-07-21 19:42:32","vicnaum","deploy: [Mainnet] All Primitives upgraded to support payable on all rule-calling functions","","refs/heads/development",""
"e47665ea81ff73bce9aab8fdd9934c2d04f1a2cb","2025-07-22 11:51:46","Alan Donoso Naumczuk","misc: Merge development and solve conflicts","","refs/heads/development",""
"42e2a4873a11a50ff76aa823f36229ffbfe97f54","2025-07-22 16:28:20","Alan Donoso Naumczuk","misc: Script to get token distribution creation calldata","","refs/heads/development",""
"319781394f304debafb3606b71449b8c8c11c092","2025-07-23 10:55:08","Alan","Merge pull request #131 from lens-protocol/feat/native-spending-on-rules","feat: Native Spending on rest of rules (Feed, Graph, Group primitives upgrade)","refs/heads/development",""
"7ff2440186dfe69ca8206065adf740ceb2729087","2025-07-23 14:20:52","Alan Donoso Naumczuk","misc: ABIs updated","","refs/heads/development",""
"33174c814f60c88dde0a0873401fe37d61d497df","2025-07-23 15:35:59","Alan Donoso Naumczuk","feat: Prepare calldata for Token Distribution script improved","","refs/heads/development",""
"684d2fc7d8e5f6ef3c5550a7f452e1c47af4218f","2025-07-23 17:26:36","vicnaum","misc: script to deploy factory implementations for ProxyAdminForOwnable","","refs/remotes/origin/feat/proxy-admin-for-ownable",""
"4fbcc36d1ec820b9275ce08c8204ae5dbb395252","2025-07-23 17:29:43","vicnaum","deploy: [Testnet] AccountFactoryImpl and LensFactoryImpl (no upgrade yet)","","refs/remotes/origin/feat/proxy-admin-for-ownable",""
"0e497e51bfaa07c9a4b898810111cca14b2072c7","2025-07-23 17:29:58","vicnaum","deploy: [Mainnet] AccountFactoryImpl and LensFactoryImpl (no upgrade yet)","","refs/remotes/origin/feat/proxy-admin-for-ownable",""
"ae11239174d989d5932a70e997b1a10e8a2ce5b8","2025-07-23 19:20:03","vicnaum","test: BaseDeployment script improved and mainnet addressbook updated to not fail on fork tests","","refs/remotes/origin/feat/proxy-admin-for-ownable",""
"9e8bea6cd3e44e83500f3aa0b25bf72a2394b187","2025-07-23 22:19:30","Victor Naumik","Merge pull request #140 from lens-protocol/misc/token-distribution-script","misc: Script to get token distribution creation calldata","refs/heads/development",""
"a21a5129838b662a742cd00b4228c145418c8888","2025-07-28 12:43:48","vicnaum","misc: scripts to transfer factory ownerships to LensAccount and Back","","refs/remotes/origin/feat/proxy-admin-for-ownable",""
"45216401aa3412c3fb0f43425af21cf5df2b2648","2025-07-28 12:45:22","vicnaum","misc: remove owner as manager script","","refs/remotes/origin/feat/proxy-admin-for-ownable",""
"c51bdb22335a57a38d460af0a040e962615f4646","2025-07-29 19:04:51","vicnaum","feat: WhitelistedSignersNamespaceRule with base tests","","refs/remotes/origin/feat/whitelisted-signers-namespace-rule",""
"47dc723489a1e08091cc7eb1c038d31d9be23a6c","2025-07-30 16:29:38","vicnaum","fix: lowercase typo","","refs/remotes/origin/feat/whitelisted-signers-namespace-rule",""
"25bf4ce6b7aeb786b5caae504cf394541e5a2724","2025-07-30 17:18:15","vicnaum","test: fix to skip non-erc721 receivers on fuzzing","","refs/remotes/origin/feat/whitelisted-signers-namespace-rule",""
"7fb11e0d31167980b7aaf1d5d29c6df1dd44ddf7","2025-07-30 18:27:12","vicnaum","deploy: [Testnet] WhitelistedSignersNamespaceRule","","refs/remotes/origin/feat/whitelisted-signers-namespace-rule","origin/feat/whitelisted-signers-namespace-rule"
"ae373cd3dc98a733d428799260ec52c85911f5b9","2025-07-30 18:35:22","vicnaum","misc: Moved rules tests to its own folder","","refs/heads/development",""
"c9b11bcdc3bd93fd645d8da0d88965db74e0ce25","2025-07-30 18:35:48","vicnaum","fix: copy-pasted typo in UsernameReservedNamespaceRule mapping param","","refs/heads/development",""
"488d4e044defda93ef48c17dd5c39f4e6c7dd12a","2025-07-30 20:14:29","Victor Naumik","Merge pull request #142 from lens-protocol/fix/small-fixes","fix: small fixes","refs/heads/development",""
"8fea70c5ab479802d76325058e09328e8b09e0eb","2025-07-31 16:41:57","vicnaum","deploy: [Testnet] AccountFactory and LensFactory upgraded to support ProxyAdminForOwnable","","refs/remotes/origin/feat/proxy-admin-for-ownable",""
"8965422975a0d7fe333a1f05853f2e56d55d234d","2025-08-06 20:25:07","vicnaum","misc: transferFactoryOwnershipsToSafe script added (and others tweaked)","","refs/remotes/origin/feat/proxy-admin-for-ownable",""
"fc794b066449d4dd81313ea7ffe9845aac6d1000","2025-08-06 20:26:24","vicnaum","misc: start-env and end-env scripts tweak","","refs/remotes/origin/feat/proxy-admin-for-ownable","origin/feat/proxy-admin-for-ownable"
"e2d1e4d2dc77d3f3691afb2686fdf3442245fa3c","2025-09-18 17:24:50","Franky","Merge pull request #143 from lens-protocol/francesc/devops-982-implement-dependency-review-action-on-lens-protocol-repos","chore: add Dependency Review GitHub Action","refs/heads/development",""
"b546f95c792b88295ad2e39bb418f37fa0dabaab","2025-10-15 13:26:52","dependabot[bot]","build(deps): bump sha.js from 2.4.11 to 2.4.12","Bumps [sha.js](https://github.com/crypto-browserify/sha.js) from 2.4.11 to 2.4.12. - [Changelog](https://github.com/browserify/sha.js/blob/master/CHANGELOG.md) - [Commits](https://github.com/crypto-browserify/sha.js/compare/v2.4.11...v2.4.12) --- updated-dependencies: - dependency-name: sha.js dependency-version: 2.4.12 dependency-type: indirect ... Signed-off-by: dependabot[bot] <support@github.com>","refs/heads/development",""
"d7f4e1f2fda41ff3070c2f8aff78cddc13857c18","2025-10-15 14:51:06","dependabot[bot]","build(deps): bump cipher-base from 1.0.4 to 1.0.7","Bumps [cipher-base](https://github.com/crypto-browserify/cipher-base) from 1.0.4 to 1.0.7. - [Changelog](https://github.com/browserify/cipher-base/blob/master/CHANGELOG.md) - [Commits](https://github.com/crypto-browserify/cipher-base/compare/v1.0.4...v1.0.7) --- updated-dependencies: - dependency-name: cipher-base dependency-version: 1.0.7 dependency-type: indirect ... Signed-off-by: dependabot[bot] <support@github.com>","refs/heads/development",""
"ee0cb7099d41ce16fb406466b87495a0825202e1","2025-10-15 15:54:31","dependabot[bot]","build(deps): bump pbkdf2 from 3.1.2 to 3.1.5","Bumps [pbkdf2](https://github.com/browserify/pbkdf2) from 3.1.2 to 3.1.5. - [Changelog](https://github.com/browserify/pbkdf2/blob/master/CHANGELOG.md) - [Commits](https://github.com/browserify/pbkdf2/compare/v3.1.2...v3.1.5) --- updated-dependencies: - dependency-name: pbkdf2 dependency-version: 3.1.5 dependency-type: indirect ... Signed-off-by: dependabot[bot] <support@github.com>","refs/heads/development",""
"9e04bcf3045a1430748c86815a643aab9b0fd672","2025-10-15 15:54:54","dependabot[bot]","build(deps): bump form-data from 4.0.0 to 4.0.4","Bumps [form-data](https://github.com/form-data/form-data) from 4.0.0 to 4.0.4. - [Release notes](https://github.com/form-data/form-data/releases) - [Changelog](https://github.com/form-data/form-data/blob/master/CHANGELOG.md) - [Commits](https://github.com/form-data/form-data/compare/v4.0.0...v4.0.4) --- updated-dependencies: - dependency-name: form-data dependency-version: 4.0.4 dependency-type: indirect ... Signed-off-by: dependabot[bot] <support@github.com>","refs/heads/development",""
"f3ff2d85f3dd3019cdd1565207f61ff7fc428039","2025-10-15 17:49:31","Victor Naumik","Merge pull request #145 from lens-protocol/dependabot/npm_and_yarn/sha.js-2.4.12","build(deps): bump sha.js from 2.4.11 to 2.4.12","refs/heads/development",""
"f3e9c10cc43914cb9dae9cf861e4651dbd885811","2025-10-15 18:52:37","Victor Naumik","Merge pull request #146 from lens-protocol/dependabot/npm_and_yarn/cipher-base-1.0.7","build(deps): bump cipher-base from 1.0.4 to 1.0.7","refs/heads/development",""
"01adacdfbdc13e2929eb3829a86dd88adca5a58b","2025-10-16 10:56:39","vicnaum","chore: packages versions bump","","refs/heads/development",""
"ce0d23d81b15537730d51bb2899830c3dc88a0db","2025-10-16 11:04:57","vicnaum","chore: downgrade zksync contracts back to 0.6.1","","refs/heads/development",""
"042a372dadb1530105938cb3c2c31c0dd6dd7038","2025-10-16 11:06:26","vicnaum","chore: bump elliptic to 6.6.1 to fix Critical  dependencies vulnerabilities","","refs/heads/development",""
"eecd671feacd3e8062b1435926eae209af0a17c7","2025-10-16 11:09:19","vicnaum","chore: bump more dependencies to get rid of High vulns","","refs/heads/development",""
"1d96048bea36a1b040d3dfd613f0c47d8a5e1ea5","2025-10-16 11:10:29","vicnaum","chore: more deps bumped to get rid of Med vulns","","refs/heads/development",""
"5ef67dca933da85d3ead7716e4d4724b7c7f7424","2025-10-16 11:12:13","vicnaum","chore: bump last deps to fix all deps audit issues","","refs/heads/development",""
"7f07101eec0dce4ccd0f6587e64f3eaf4932cbbb","2025-10-16 11:15:05","vicnaum","chore: update CI workflow to include permissions for content read access","","refs/heads/development",""
"c07ecac640036bdd202f05c6feafcd710dd9fce4","2025-10-16 11:35:50","Victor Naumik","Merge pull request #148 from lens-protocol/dependabot/npm_and_yarn/form-data-4.0.4","build(deps): bump form-data from 4.0.0 to 4.0.4","refs/heads/development",""
"0ef9bb552bee94dc2a17b284e435610b912dd749","2025-10-16 11:36:56","Victor Naumik","Merge pull request #147 from lens-protocol/dependabot/npm_and_yarn/pbkdf2-3.1.5","build(deps): bump pbkdf2 from 3.1.2 to 3.1.5","refs/heads/development",""
"f01724506315eb9ad3798a6c89ec29d2e25d0e20","2025-10-16 12:35:14","Victor Naumik","Merge pull request #149 from lens-protocol/chore/versions-bump","chore: packages versions bump to fix dependency vulnerabilities","refs/heads/development",""
"f52800fe99ff9a248ed02e3cd59629d787dbe413","2025-12-08 19:40:48","vicnaum","misc: AddressBook updated with scripts to hold all information about the contracts","","refs/heads/development","HEAD -> development, origin/development"
